/*
 Navicat Premium Data Transfer

 Source Server         : 192.168.17.1.32768
 Source Server Type    : MySQL
 Source Server Version : 50741 (5.7.41)
 Source Host           : 192.168.17.1:32768
 Source Schema         : RecruitmentPlatform

 Target Server Type    : MySQL
 Target Server Version : 50741 (5.7.41)
 File Encoding         : 65001

 Date: 23/06/2024 12:35:14
*/

SET NAMES utf8mb4;
SET FOREIGN_KEY_CHECKS = 0;

-- ----------------------------
-- Table structure for application
-- ----------------------------
DROP TABLE IF EXISTS `application`;
CREATE TABLE `application`  (
  `id` int(11) NOT NULL AUTO_INCREMENT,
  `employee_id` int(11) NOT NULL,
  `job_posting_id` int(11) NOT NULL,
  `application_date` date NULL DEFAULT NULL,
  `status` enum('pending','accepted','rejected') CHARACTER SET latin1 COLLATE latin1_swedish_ci NULL DEFAULT 'pending',
  PRIMARY KEY (`id`) USING BTREE,
  INDEX `employee_id`(`employee_id`) USING BTREE,
  INDEX `job_posting_id`(`job_posting_id`) USING BTREE,
  CONSTRAINT `application_ibfk_1` FOREIGN KEY (`employee_id`) REFERENCES `employee` (`id`) ON DELETE CASCADE ON UPDATE RESTRICT,
  CONSTRAINT `application_ibfk_2` FOREIGN KEY (`job_posting_id`) REFERENCES `job_posting` (`id`) ON DELETE CASCADE ON UPDATE RESTRICT
) ENGINE = InnoDB AUTO_INCREMENT = 1 CHARACTER SET = latin1 COLLATE = latin1_swedish_ci ROW_FORMAT = Dynamic;

-- ----------------------------
-- Records of application
-- ----------------------------

-- ----------------------------
-- Table structure for company
-- ----------------------------
DROP TABLE IF EXISTS `company`;
CREATE TABLE `company`  (
  `id` int(11) NOT NULL AUTO_INCREMENT,
  `name` varchar(255) CHARACTER SET utf8 COLLATE utf8_general_ci NOT NULL,
  `industry` varchar(255) CHARACTER SET utf8 COLLATE utf8_general_ci NULL DEFAULT NULL,
  `location` varchar(255) CHARACTER SET utf8 COLLATE utf8_general_ci NULL DEFAULT NULL,
  `description` text CHARACTER SET utf8 COLLATE utf8_general_ci NULL,
  PRIMARY KEY (`id`) USING BTREE
) ENGINE = InnoDB AUTO_INCREMENT = 12 CHARACTER SET = latin1 COLLATE = latin1_swedish_ci ROW_FORMAT = Dynamic;

-- ----------------------------
-- Records of company
-- ----------------------------
INSERT INTO `company` VALUES (1, '百度有限公司', '互联网', '北京市海定区百度总部', '百度是拥有强大互联网基础的领先AI公司，以“用科技让复杂的世界更简单”为使命，坚持技术创 …\r\n百度公司2000年1月1日创立于中关村，创始人李彦宏拥有“超链分析”技术专利，使中国成为美国、俄罗斯、和韩国之外，全球仅有的4个拥有搜索引擎核心技术的国家之一。百度每天响应来自100余个国家和地区的数十亿次搜索请求，是网民获取中文信息和服务的最主要入口，服务10亿互联');
INSERT INTO `company` VALUES (2, '创新科技有限公司', '信息技术', '北京市海淀区', '专注于人工智能与大数据分析的高新技术企业');
INSERT INTO `company` VALUES (3, '绿动未来能源股份公司', '新能源', '上海市浦东新区', '致力于太阳能与风能技术研发及应用的绿色能源领军企业');
INSERT INTO `company` VALUES (4, '健康守护集团', '医疗健康', '广州市天河区', '集医疗、科研、健康管理为一体的综合性医疗服务机构');
INSERT INTO `company` VALUES (5, '智学在线教育科技', '在线教育', '杭州市西湖区', '提供K-12全学科在线辅导及成人职业教育的互联网教育平台');
INSERT INTO `company` VALUES (6, '时尚潮流服饰有限公司', '服装零售', '重庆市渝中区', '融合传统与现代设计元素，推广可持续发展理念的时尚品牌');
INSERT INTO `company` VALUES (7, '智慧物流科技', '物流运输', '深圳市南山区', '利用物联网技术优化供应链管理的智能物流公司');
INSERT INTO `company` VALUES (8, '美味人生餐饮集团', '餐饮服务', '成都市锦江区', '经营多家特色餐厅，倡导健康饮食文化的大型餐饮连锁');
INSERT INTO `company` VALUES (9, '安居家装设计', '家居家装', '西安市雁塔区', '提供一站式高端家装设计与施工服务的专业公司');
INSERT INTO `company` VALUES (10, '星辰生物科技', '生物科技', '南京市江宁区', '研究开发新型生物制药与基因检测技术的高科技企业');
INSERT INTO `company` VALUES (11, '旅游达人国际旅行社', '旅游业', '昆明市五华区', '专注定制化国内外旅游路线，提供优质旅行体验的旅行社');

-- ----------------------------
-- Table structure for employee
-- ----------------------------
DROP TABLE IF EXISTS `employee`;
CREATE TABLE `employee`  (
  `id` int(11) NOT NULL AUTO_INCREMENT,
  `user_id` int(11) NOT NULL,
  `fullname` varchar(255) CHARACTER SET utf8 COLLATE utf8_general_ci NULL DEFAULT NULL,
  `email` varchar(255) CHARACTER SET latin1 COLLATE latin1_swedish_ci NULL DEFAULT NULL,
  `phone` varchar(20) CHARACTER SET latin1 COLLATE latin1_swedish_ci NULL DEFAULT NULL,
  `resume_url` varchar(255) CHARACTER SET utf8 COLLATE utf8_general_ci NULL DEFAULT NULL,
  `skills` varchar(255) CHARACTER SET utf8 COLLATE utf8_general_ci NULL DEFAULT NULL,
  `gender` varchar(255) CHARACTER SET utf8 COLLATE utf8_general_ci NULL DEFAULT NULL,
  PRIMARY KEY (`id`) USING BTREE,
  INDEX `user_id`(`user_id`) USING BTREE,
  CONSTRAINT `employee_ibfk_1` FOREIGN KEY (`user_id`) REFERENCES `user` (`id`) ON DELETE CASCADE ON UPDATE RESTRICT
) ENGINE = InnoDB AUTO_INCREMENT = 4 CHARACTER SET = latin1 COLLATE = latin1_swedish_ci ROW_FORMAT = Dynamic;

-- ----------------------------
-- Records of employee
-- ----------------------------
INSERT INTO `employee` VALUES (2, 2, '与置通被往', 'g.zqwiag@qq.com', '18138838143', '231312', '没有', '男');
INSERT INTO `employee` VALUES (3, 5, NULL, NULL, NULL, NULL, NULL, NULL);

-- ----------------------------
-- Table structure for employer
-- ----------------------------
DROP TABLE IF EXISTS `employer`;
CREATE TABLE `employer`  (
  `id` int(11) NOT NULL AUTO_INCREMENT,
  `user_id` int(11) NOT NULL,
  `company_id` int(11) NULL DEFAULT NULL,
  `position` varchar(255) CHARACTER SET utf8 COLLATE utf8_general_ci NULL DEFAULT NULL,
  `name` varchar(255) CHARACTER SET utf8 COLLATE utf8_general_ci NULL DEFAULT NULL,
  `telephone` varchar(255) CHARACTER SET utf8 COLLATE utf8_general_ci NULL DEFAULT NULL,
  `gender` varchar(255) CHARACTER SET utf8 COLLATE utf8_general_ci NULL DEFAULT NULL,
  `email` varchar(255) CHARACTER SET utf8 COLLATE utf8_general_ci NULL DEFAULT NULL,
  PRIMARY KEY (`id`) USING BTREE,
  INDEX `user_id`(`user_id`) USING BTREE,
  INDEX `company_id`(`company_id`) USING BTREE,
  CONSTRAINT `employer_ibfk_1` FOREIGN KEY (`user_id`) REFERENCES `user` (`id`) ON DELETE CASCADE ON UPDATE RESTRICT,
  CONSTRAINT `employer_ibfk_2` FOREIGN KEY (`company_id`) REFERENCES `company` (`id`) ON DELETE CASCADE ON UPDATE RESTRICT
) ENGINE = InnoDB AUTO_INCREMENT = 3 CHARACTER SET = latin1 COLLATE = latin1_swedish_ci ROW_FORMAT = Dynamic;

-- ----------------------------
-- Records of employer
-- ----------------------------
INSERT INTO `employer` VALUES (1, 4, 1, 'CEO', '王文钊', '18323289322', '男', '1231321312@qq.com');
INSERT INTO `employer` VALUES (2, 6, NULL, NULL, NULL, NULL, NULL, NULL);

-- ----------------------------
-- Table structure for job_posting
-- ----------------------------
DROP TABLE IF EXISTS `job_posting`;
CREATE TABLE `job_posting`  (
  `id` int(11) NOT NULL AUTO_INCREMENT,
  `company_id` int(11) NOT NULL,
  `title` varchar(255) CHARACTER SET utf8 COLLATE utf8_general_ci NOT NULL,
  `description` text CHARACTER SET utf8 COLLATE utf8_general_ci NULL,
  `requirements` text CHARACTER SET utf8 COLLATE utf8_general_ci NULL,
  `location` varchar(255) CHARACTER SET utf8 COLLATE utf8_general_ci NULL DEFAULT NULL,
  `posting_date` date NULL DEFAULT NULL,
  `max_salary` int(11) NULL DEFAULT NULL,
  `min_salary` int(11) NULL DEFAULT NULL,
  `employer_id` int(11) NOT NULL,
  `type` varchar(255) CHARACTER SET utf8 COLLATE utf8_general_ci NULL DEFAULT NULL,
  PRIMARY KEY (`id`) USING BTREE,
  INDEX `company_id`(`company_id`) USING BTREE,
  CONSTRAINT `job_posting_ibfk_1` FOREIGN KEY (`company_id`) REFERENCES `company` (`id`) ON DELETE CASCADE ON UPDATE RESTRICT
) ENGINE = InnoDB AUTO_INCREMENT = 78 CHARACTER SET = latin1 COLLATE = latin1_swedish_ci ROW_FORMAT = Dynamic;

-- ----------------------------
-- Records of job_posting
-- ----------------------------
INSERT INTO `job_posting` VALUES (23, 1, '软件工程师', '职位描述：\r\n同行业经验优先录取~（APP,小程序，软件开发）商务专员/客户经理\r\n岗位福利：\r\n【你最关心的薪资福利】\r\n1.（浮动底薪制+高额提成）底薪4000-6200，月综合薪资10k-20k（销冠月薪3w+）\r\n2.试用期100%全薪发放，不打折，温饱问题无需担忧!\r\n3.完善的内部晋升机制，一年4次【透明化】晋升调薪机会，让你无惧未来，闪闪发光~\r\n4.每天公司都会安排下午茶，不仅喂饱你的身体，还能养活你的灵魂；\r\n5.这里的团队氛围超级nice，不定期的团建基金+节假日礼物+企业文化活动，平时扁平化管理，无需担心内卷，公司团队年轻化！沟通无压力！\r\n6.带薪年假+法定节假日+各种补贴(餐补、话补、工龄)+每天2.5小时中场休息，让你养精蓄锐，放飞自我\r\n【来这里带给你的优势】\r\n1.客户资源：四大资源渠道免费用，让你坐在5A级办公区独享资源；公司投入大量推广资金，获取意向客户资源；不需要出去跑，不需要打陌生电话，不需要陌拜，公司每日至少分配两条有效客户线索.\r\n2.品牌市场：近20年知名互联网品牌，市场份额占比大，强大的品牌实力，让你信心百倍；\r\n3.带薪培训：专业的岗前训帮助你快速了解公司，入组后的师徒帮带制，主管带你一起飞，只需5-7天即可开单；\r\n4.发展路径清晰：商务—组长—销售主管—储备经理—销售经理—销售总监\r\n岗位经验：\r\n【我们需要你做的事】\r\n1、前期通过电话与客户进行有效沟通了解客户需求和时间, 寻找销售机会邀约到公司进行面谈，商务谈判，前期我们的技术总监也会帮忙谈单哦\r\n2、把握客户需求，根据客户需求制定报价方案，促使签单；\r\n3、定期与客户进行沟通，维护老客户，建立良好的长期合作关系，做好老客户增值和续费工作\r\n4、接待来访客户，执行公司销售策略\r\n【我们需要这样的你】\r\n1.一年以上销售行业工作经验，互联网+b端，熟悉市场营销工作；\r\n2.坦诚自信，乐观进取，高度的工作热情；\r\n3.有良好的团队合作精神，有敬业精神；\r\n4.具有独立的分析和解决问题的能力；\r\n5.良好的沟通技巧和说服能力，能承受较大的工作压力；\r\n6.大专及以上学历，市场营销、电子商务或计算机等专业优先。', '熟练掌握 Java、Python 等编程语言,有相关项目经验', '郑州金水区卫华大厦13层', '2024-06-21', 20000, 15000, 1, '电子/电气/通信');
INSERT INTO `job_posting` VALUES (24, 1, '市场营销专员', '职位描述：\r\n同行业经验优先录取~（APP,小程序，软件开发）商务专员/客户经理\r\n岗位福利：\r\n【你最关心的薪资福利】\r\n1.（浮动底薪制+高额提成）底薪4000-6200，月综合薪资10k-20k（销冠月薪3w+）\r\n2.试用期100%全薪发放，不打折，温饱问题无需担忧!\r\n3.完善的内部晋升机制，一年4次【透明化】晋升调薪机会，让你无惧未来，闪闪发光~\r\n4.每天公司都会安排下午茶，不仅喂饱你的身体，还能养活你的灵魂；\r\n5.这里的团队氛围超级nice，不定期的团建基金+节假日礼物+企业文化活动，平时扁平化管理，无需担心内卷，公司团队年轻化！沟通无压力！\r\n6.带薪年假+法定节假日+各种补贴(餐补、话补、工龄)+每天2.5小时中场休息，让你养精蓄锐，放飞自我\r\n【来这里带给你的优势】\r\n1.客户资源：四大资源渠道免费用，让你坐在5A级办公区独享资源；公司投入大量推广资金，获取意向客户资源；不需要出去跑，不需要打陌生电话，不需要陌拜，公司每日至少分配两条有效客户线索.\r\n2.品牌市场：近20年知名互联网品牌，市场份额占比大，强大的品牌实力，让你信心百倍；\r\n3.带薪培训：专业的岗前训帮助你快速了解公司，入组后的师徒帮带制，主管带你一起飞，只需5-7天即可开单；\r\n4.发展路径清晰：商务—组长—销售主管—储备经理—销售经理—销售总监\r\n岗位经验：\r\n【我们需要你做的事】\r\n1、前期通过电话与客户进行有效沟通了解客户需求和时间, 寻找销售机会邀约到公司进行面谈，商务谈判，前期我们的技术总监也会帮忙谈单哦\r\n2、把握客户需求，根据客户需求制定报价方案，促使签单；\r\n3、定期与客户进行沟通，维护老客户，建立良好的长期合作关系，做好老客户增值和续费工作\r\n4、接待来访客户，执行公司销售策略\r\n【我们需要这样的你】\r\n1.一年以上销售行业工作经验，互联网+b端，熟悉市场营销工作；\r\n2.坦诚自信，乐观进取，高度的工作热情；\r\n3.有良好的团队合作精神，有敬业精神；\r\n4.具有独立的分析和解决问题的能力；\r\n5.良好的沟通技巧和说服能力，能承受较大的工作压力；\r\n6.大专及以上学历，市场营销、电子商务或计算机等专业优先。', '具备良好的沟通和市场分析能力', '西安雁塔区华为西安研究所锦业路127号', '2024-06-20', 18000, 12000, 1, '产品');
INSERT INTO `job_posting` VALUES (25, 1, '数据分析师', '职位描述：\r\n同行业经验优先录取~（APP,小程序，软件开发）商务专员/客户经理\r\n岗位福利：\r\n【你最关心的薪资福利】\r\n1.（浮动底薪制+高额提成）底薪4000-6200，月综合薪资10k-20k（销冠月薪3w+）\r\n2.试用期100%全薪发放，不打折，温饱问题无需担忧!\r\n3.完善的内部晋升机制，一年4次【透明化】晋升调薪机会，让你无惧未来，闪闪发光~\r\n4.每天公司都会安排下午茶，不仅喂饱你的身体，还能养活你的灵魂；\r\n5.这里的团队氛围超级nice，不定期的团建基金+节假日礼物+企业文化活动，平时扁平化管理，无需担心内卷，公司团队年轻化！沟通无压力！\r\n6.带薪年假+法定节假日+各种补贴(餐补、话补、工龄)+每天2.5小时中场休息，让你养精蓄锐，放飞自我\r\n【来这里带给你的优势】\r\n1.客户资源：四大资源渠道免费用，让你坐在5A级办公区独享资源；公司投入大量推广资金，获取意向客户资源；不需要出去跑，不需要打陌生电话，不需要陌拜，公司每日至少分配两条有效客户线索.\r\n2.品牌市场：近20年知名互联网品牌，市场份额占比大，强大的品牌实力，让你信心百倍；\r\n3.带薪培训：专业的岗前训帮助你快速了解公司，入组后的师徒帮带制，主管带你一起飞，只需5-7天即可开单；\r\n4.发展路径清晰：商务—组长—销售主管—储备经理—销售经理—销售总监\r\n岗位经验：\r\n【我们需要你做的事】\r\n1、前期通过电话与客户进行有效沟通了解客户需求和时间, 寻找销售机会邀约到公司进行面谈，商务谈判，前期我们的技术总监也会帮忙谈单哦\r\n2、把握客户需求，根据客户需求制定报价方案，促使签单；\r\n3、定期与客户进行沟通，维护老客户，建立良好的长期合作关系，做好老客户增值和续费工作\r\n4、接待来访客户，执行公司销售策略\r\n【我们需要这样的你】\r\n1.一年以上销售行业工作经验，互联网+b端，熟悉市场营销工作；\r\n2.坦诚自信，乐观进取，高度的工作热情；\r\n3.有良好的团队合作精神，有敬业精神；\r\n4.具有独立的分析和解决问题的能力；\r\n5.良好的沟通技巧和说服能力，能承受较大的工作压力；\r\n6.大专及以上学历，市场营销、电子商务或计算机等专业优先。', '熟悉数据分析工具,统计学知识扎实', '深圳南山区腾讯大厦', '2024-06-19', 25000, 20000, 1, '客服/运营');
INSERT INTO `job_posting` VALUES (26, 1, '产品经理', '职位描述：\r\n同行业经验优先录取~（APP,小程序，软件开发）商务专员/客户经理\r\n岗位福利：\r\n【你最关心的薪资福利】\r\n1.（浮动底薪制+高额提成）底薪4000-6200，月综合薪资10k-20k（销冠月薪3w+）\r\n2.试用期100%全薪发放，不打折，温饱问题无需担忧!\r\n3.完善的内部晋升机制，一年4次【透明化】晋升调薪机会，让你无惧未来，闪闪发光~\r\n4.每天公司都会安排下午茶，不仅喂饱你的身体，还能养活你的灵魂；\r\n5.这里的团队氛围超级nice，不定期的团建基金+节假日礼物+企业文化活动，平时扁平化管理，无需担心内卷，公司团队年轻化！沟通无压力！\r\n6.带薪年假+法定节假日+各种补贴(餐补、话补、工龄)+每天2.5小时中场休息，让你养精蓄锐，放飞自我\r\n【来这里带给你的优势】\r\n1.客户资源：四大资源渠道免费用，让你坐在5A级办公区独享资源；公司投入大量推广资金，获取意向客户资源；不需要出去跑，不需要打陌生电话，不需要陌拜，公司每日至少分配两条有效客户线索.\r\n2.品牌市场：近20年知名互联网品牌，市场份额占比大，强大的品牌实力，让你信心百倍；\r\n3.带薪培训：专业的岗前训帮助你快速了解公司，入组后的师徒帮带制，主管带你一起飞，只需5-7天即可开单；\r\n4.发展路径清晰：商务—组长—销售主管—储备经理—销售经理—销售总监\r\n岗位经验：\r\n【我们需要你做的事】\r\n1、前期通过电话与客户进行有效沟通了解客户需求和时间, 寻找销售机会邀约到公司进行面谈，商务谈判，前期我们的技术总监也会帮忙谈单哦\r\n2、把握客户需求，根据客户需求制定报价方案，促使签单；\r\n3、定期与客户进行沟通，维护老客户，建立良好的长期合作关系，做好老客户增值和续费工作\r\n4、接待来访客户，执行公司销售策略\r\n【我们需要这样的你】\r\n1.一年以上销售行业工作经验，互联网+b端，熟悉市场营销工作；\r\n2.坦诚自信，乐观进取，高度的工作热情；\r\n3.有良好的团队合作精神，有敬业精神；\r\n4.具有独立的分析和解决问题的能力；\r\n5.良好的沟通技巧和说服能力，能承受较大的工作压力；\r\n6.大专及以上学历，市场营销、电子商务或计算机等专业优先。', '有丰富的产品经验,良好的团队协作能力', '郑州二七区亚星时代广场15楼1501号', '2024-06-22', 30000, 20000, 1, '销售');
INSERT INTO `job_posting` VALUES (27, 1, 'UI 设计师', '职位描述：\r\n同行业经验优先录取~（APP,小程序，软件开发）商务专员/客户经理\r\n岗位福利：\r\n【你最关心的薪资福利】\r\n1.（浮动底薪制+高额提成）底薪4000-6200，月综合薪资10k-20k（销冠月薪3w+）\r\n2.试用期100%全薪发放，不打折，温饱问题无需担忧!\r\n3.完善的内部晋升机制，一年4次【透明化】晋升调薪机会，让你无惧未来，闪闪发光~\r\n4.每天公司都会安排下午茶，不仅喂饱你的身体，还能养活你的灵魂；\r\n5.这里的团队氛围超级nice，不定期的团建基金+节假日礼物+企业文化活动，平时扁平化管理，无需担心内卷，公司团队年轻化！沟通无压力！\r\n6.带薪年假+法定节假日+各种补贴(餐补、话补、工龄)+每天2.5小时中场休息，让你养精蓄锐，放飞自我\r\n【来这里带给你的优势】\r\n1.客户资源：四大资源渠道免费用，让你坐在5A级办公区独享资源；公司投入大量推广资金，获取意向客户资源；不需要出去跑，不需要打陌生电话，不需要陌拜，公司每日至少分配两条有效客户线索.\r\n2.品牌市场：近20年知名互联网品牌，市场份额占比大，强大的品牌实力，让你信心百倍；\r\n3.带薪培训：专业的岗前训帮助你快速了解公司，入组后的师徒帮带制，主管带你一起飞，只需5-7天即可开单；\r\n4.发展路径清晰：商务—组长—销售主管—储备经理—销售经理—销售总监\r\n岗位经验：\r\n【我们需要你做的事】\r\n1、前期通过电话与客户进行有效沟通了解客户需求和时间, 寻找销售机会邀约到公司进行面谈，商务谈判，前期我们的技术总监也会帮忙谈单哦\r\n2、把握客户需求，根据客户需求制定报价方案，促使签单；\r\n3、定期与客户进行沟通，维护老客户，建立良好的长期合作关系，做好老客户增值和续费工作\r\n4、接待来访客户，执行公司销售策略\r\n【我们需要这样的你】\r\n1.一年以上销售行业工作经验，互联网+b端，熟悉市场营销工作；\r\n2.坦诚自信，乐观进取，高度的工作热情；\r\n3.有良好的团队合作精神，有敬业精神；\r\n4.具有独立的分析和解决问题的能力；\r\n5.良好的沟通技巧和说服能力，能承受较大的工作压力；\r\n6.大专及以上学历，市场营销、电子商务或计算机等专业优先。', '熟练使用设计工,有创新思维', '郑州金水区卫华大厦13层', '2024-06-18', 15000, 10000, 1, '人力/行政');
INSERT INTO `job_posting` VALUES (28, 1, '人力资源专员', '职位描述：\r\n同行业经验优先录取~（APP,小程序，软件开发）商务专员/客户经理\r\n岗位福利：\r\n【你最关心的薪资福利】\r\n1.（浮动底薪制+高额提成）底薪4000-6200，月综合薪资10k-20k（销冠月薪3w+）\r\n2.试用期100%全薪发放，不打折，温饱问题无需担忧!\r\n3.完善的内部晋升机制，一年4次【透明化】晋升调薪机会，让你无惧未来，闪闪发光~\r\n4.每天公司都会安排下午茶，不仅喂饱你的身体，还能养活你的灵魂；\r\n5.这里的团队氛围超级nice，不定期的团建基金+节假日礼物+企业文化活动，平时扁平化管理，无需担心内卷，公司团队年轻化！沟通无压力！\r\n6.带薪年假+法定节假日+各种补贴(餐补、话补、工龄)+每天2.5小时中场休息，让你养精蓄锐，放飞自我\r\n【来这里带给你的优势】\r\n1.客户资源：四大资源渠道免费用，让你坐在5A级办公区独享资源；公司投入大量推广资金，获取意向客户资源；不需要出去跑，不需要打陌生电话，不需要陌拜，公司每日至少分配两条有效客户线索.\r\n2.品牌市场：近20年知名互联网品牌，市场份额占比大，强大的品牌实力，让你信心百倍；\r\n3.带薪培训：专业的岗前训帮助你快速了解公司，入组后的师徒帮带制，主管带你一起飞，只需5-7天即可开单；\r\n4.发展路径清晰：商务—组长—销售主管—储备经理—销售经理—销售总监\r\n岗位经验：\r\n【我们需要你做的事】\r\n1、前期通过电话与客户进行有效沟通了解客户需求和时间, 寻找销售机会邀约到公司进行面谈，商务谈判，前期我们的技术总监也会帮忙谈单哦\r\n2、把握客户需求，根据客户需求制定报价方案，促使签单；\r\n3、定期与客户进行沟通，维护老客户，建立良好的长期合作关系，做好老客户增值和续费工作\r\n4、接待来访客户，执行公司销售策略\r\n【我们需要这样的你】\r\n1.一年以上销售行业工作经验，互联网+b端，熟悉市场营销工作；\r\n2.坦诚自信，乐观进取，高度的工作热情；\r\n3.有良好的团队合作精神，有敬业精神；\r\n4.具有独立的分析和解决问题的能力；\r\n5.良好的沟通技巧和说服能力，能承受较大的工作压力；\r\n6.大专及以上学历，市场营销、电子商务或计算机等专业优先。', '熟悉人力资源流程,沟通能力强', '西安雁塔区华为西安研究所锦业路127号', '2024-06-23', 12000, 8000, 1, '财物/审计');
INSERT INTO `job_posting` VALUES (29, 1, '财务会计', '职位描述：\r\n同行业经验优先录取~（APP,小程序，软件开发）商务专员/客户经理\r\n岗位福利：\r\n【你最关心的薪资福利】\r\n1.（浮动底薪制+高额提成）底薪4000-6200，月综合薪资10k-20k（销冠月薪3w+）\r\n2.试用期100%全薪发放，不打折，温饱问题无需担忧!\r\n3.完善的内部晋升机制，一年4次【透明化】晋升调薪机会，让你无惧未来，闪闪发光~\r\n4.每天公司都会安排下午茶，不仅喂饱你的身体，还能养活你的灵魂；\r\n5.这里的团队氛围超级nice，不定期的团建基金+节假日礼物+企业文化活动，平时扁平化管理，无需担心内卷，公司团队年轻化！沟通无压力！\r\n6.带薪年假+法定节假日+各种补贴(餐补、话补、工龄)+每天2.5小时中场休息，让你养精蓄锐，放飞自我\r\n【来这里带给你的优势】\r\n1.客户资源：四大资源渠道免费用，让你坐在5A级办公区独享资源；公司投入大量推广资金，获取意向客户资源；不需要出去跑，不需要打陌生电话，不需要陌拜，公司每日至少分配两条有效客户线索.\r\n2.品牌市场：近20年知名互联网品牌，市场份额占比大，强大的品牌实力，让你信心百倍；\r\n3.带薪培训：专业的岗前训帮助你快速了解公司，入组后的师徒帮带制，主管带你一起飞，只需5-7天即可开单；\r\n4.发展路径清晰：商务—组长—销售主管—储备经理—销售经理—销售总监\r\n岗位经验：\r\n【我们需要你做的事】\r\n1、前期通过电话与客户进行有效沟通了解客户需求和时间, 寻找销售机会邀约到公司进行面谈，商务谈判，前期我们的技术总监也会帮忙谈单哦\r\n2、把握客户需求，根据客户需求制定报价方案，促使签单；\r\n3、定期与客户进行沟通，维护老客户，建立良好的长期合作关系，做好老客户增值和续费工作\r\n4、接待来访客户，执行公司销售策略\r\n【我们需要这样的你】\r\n1.一年以上销售行业工作经验，互联网+b端，熟悉市场营销工作；\r\n2.坦诚自信，乐观进取，高度的工作热情；\r\n3.有良好的团队合作精神，有敬业精神；\r\n4.具有独立的分析和解决问题的能力；\r\n5.良好的沟通技巧和说服能力，能承受较大的工作压力；\r\n6.大专及以上学历，市场营销、电子商务或计算机等专业优先。', '财务专业知识扎实,细心负责', '深圳南山区腾讯大厦', '2024-06-17', 10000, 7000, 1, '生产制造');
INSERT INTO `job_posting` VALUES (30, 1, '销售代表', '职位描述：\r\n同行业经验优先录取~（APP,小程序，软件开发）商务专员/客户经理\r\n岗位福利：\r\n【你最关心的薪资福利】\r\n1.（浮动底薪制+高额提成）底薪4000-6200，月综合薪资10k-20k（销冠月薪3w+）\r\n2.试用期100%全薪发放，不打折，温饱问题无需担忧!\r\n3.完善的内部晋升机制，一年4次【透明化】晋升调薪机会，让你无惧未来，闪闪发光~\r\n4.每天公司都会安排下午茶，不仅喂饱你的身体，还能养活你的灵魂；\r\n5.这里的团队氛围超级nice，不定期的团建基金+节假日礼物+企业文化活动，平时扁平化管理，无需担心内卷，公司团队年轻化！沟通无压力！\r\n6.带薪年假+法定节假日+各种补贴(餐补、话补、工龄)+每天2.5小时中场休息，让你养精蓄锐，放飞自我\r\n【来这里带给你的优势】\r\n1.客户资源：四大资源渠道免费用，让你坐在5A级办公区独享资源；公司投入大量推广资金，获取意向客户资源；不需要出去跑，不需要打陌生电话，不需要陌拜，公司每日至少分配两条有效客户线索.\r\n2.品牌市场：近20年知名互联网品牌，市场份额占比大，强大的品牌实力，让你信心百倍；\r\n3.带薪培训：专业的岗前训帮助你快速了解公司，入组后的师徒帮带制，主管带你一起飞，只需5-7天即可开单；\r\n4.发展路径清晰：商务—组长—销售主管—储备经理—销售经理—销售总监\r\n岗位经验：\r\n【我们需要你做的事】\r\n1、前期通过电话与客户进行有效沟通了解客户需求和时间, 寻找销售机会邀约到公司进行面谈，商务谈判，前期我们的技术总监也会帮忙谈单哦\r\n2、把握客户需求，根据客户需求制定报价方案，促使签单；\r\n3、定期与客户进行沟通，维护老客户，建立良好的长期合作关系，做好老客户增值和续费工作\r\n4、接待来访客户，执行公司销售策略\r\n【我们需要这样的你】\r\n1.一年以上销售行业工作经验，互联网+b端，熟悉市场营销工作；\r\n2.坦诚自信，乐观进取，高度的工作热情；\r\n3.有良好的团队合作精神，有敬业精神；\r\n4.具有独立的分析和解决问题的能力；\r\n5.良好的沟通技巧和说服能力，能承受较大的工作压力；\r\n6.大专及以上学历，市场营销、电子商务或计算机等专业优先。', '有销售经验,抗压能力强', '郑州二七区亚星时代广场15楼1501号', '2024-06-16', 18000, 10000, 1, '零售/生活服务');
INSERT INTO `job_posting` VALUES (31, 2, '运维工程师', '职位描述：\r\n同行业经验优先录取~（APP,小程序，软件开发）商务专员/客户经理\r\n岗位福利：\r\n【你最关心的薪资福利】\r\n1.（浮动底薪制+高额提成）底薪4000-6200，月综合薪资10k-20k（销冠月薪3w+）\r\n2.试用期100%全薪发放，不打折，温饱问题无需担忧!\r\n3.完善的内部晋升机制，一年4次【透明化】晋升调薪机会，让你无惧未来，闪闪发光~\r\n4.每天公司都会安排下午茶，不仅喂饱你的身体，还能养活你的灵魂；\r\n5.这里的团队氛围超级nice，不定期的团建基金+节假日礼物+企业文化活动，平时扁平化管理，无需担心内卷，公司团队年轻化！沟通无压力！\r\n6.带薪年假+法定节假日+各种补贴(餐补、话补、工龄)+每天2.5小时中场休息，让你养精蓄锐，放飞自我\r\n【来这里带给你的优势】\r\n1.客户资源：四大资源渠道免费用，让你坐在5A级办公区独享资源；公司投入大量推广资金，获取意向客户资源；不需要出去跑，不需要打陌生电话，不需要陌拜，公司每日至少分配两条有效客户线索.\r\n2.品牌市场：近20年知名互联网品牌，市场份额占比大，强大的品牌实力，让你信心百倍；\r\n3.带薪培训：专业的岗前训帮助你快速了解公司，入组后的师徒帮带制，主管带你一起飞，只需5-7天即可开单；\r\n4.发展路径清晰：商务—组长—销售主管—储备经理—销售经理—销售总监\r\n岗位经验：\r\n【我们需要你做的事】\r\n1、前期通过电话与客户进行有效沟通了解客户需求和时间, 寻找销售机会邀约到公司进行面谈，商务谈判，前期我们的技术总监也会帮忙谈单哦\r\n2、把握客户需求，根据客户需求制定报价方案，促使签单；\r\n3、定期与客户进行沟通，维护老客户，建立良好的长期合作关系，做好老客户增值和续费工作\r\n4、接待来访客户，执行公司销售策略\r\n【我们需要这样的你】\r\n1.一年以上销售行业工作经验，互联网+b端，熟悉市场营销工作；\r\n2.坦诚自信，乐观进取，高度的工作热情；\r\n3.有良好的团队合作精神，有敬业精神；\r\n4.具有独立的分析和解决问题的能力；\r\n5.良好的沟通技巧和说服能力，能承受较大的工作压力；\r\n6.大专及以上学历，市场营销、电子商务或计算机等专业优先。', '熟悉服务器运维,解决技术问题', '郑州金水区卫华大厦13层', '2024-06-15', 16000, 12000, 1, '餐饮');
INSERT INTO `job_posting` VALUES (32, 1, '测试工程师', '职位描述：\r\n同行业经验优先录取~（APP,小程序，软件开发）商务专员/客户经理\r\n岗位福利：\r\n【你最关心的薪资福利】\r\n1.（浮动底薪制+高额提成）底薪4000-6200，月综合薪资10k-20k（销冠月薪3w+）\r\n2.试用期100%全薪发放，不打折，温饱问题无需担忧!\r\n3.完善的内部晋升机制，一年4次【透明化】晋升调薪机会，让你无惧未来，闪闪发光~\r\n4.每天公司都会安排下午茶，不仅喂饱你的身体，还能养活你的灵魂；\r\n5.这里的团队氛围超级nice，不定期的团建基金+节假日礼物+企业文化活动，平时扁平化管理，无需担心内卷，公司团队年轻化！沟通无压力！\r\n6.带薪年假+法定节假日+各种补贴(餐补、话补、工龄)+每天2.5小时中场休息，让你养精蓄锐，放飞自我\r\n【来这里带给你的优势】\r\n1.客户资源：四大资源渠道免费用，让你坐在5A级办公区独享资源；公司投入大量推广资金，获取意向客户资源；不需要出去跑，不需要打陌生电话，不需要陌拜，公司每日至少分配两条有效客户线索.\r\n2.品牌市场：近20年知名互联网品牌，市场份额占比大，强大的品牌实力，让你信心百倍；\r\n3.带薪培训：专业的岗前训帮助你快速了解公司，入组后的师徒帮带制，主管带你一起飞，只需5-7天即可开单；\r\n4.发展路径清晰：商务—组长—销售主管—储备经理—销售经理—销售总监\r\n岗位经验：\r\n【我们需要你做的事】\r\n1、前期通过电话与客户进行有效沟通了解客户需求和时间, 寻找销售机会邀约到公司进行面谈，商务谈判，前期我们的技术总监也会帮忙谈单哦\r\n2、把握客户需求，根据客户需求制定报价方案，促使签单；\r\n3、定期与客户进行沟通，维护老客户，建立良好的长期合作关系，做好老客户增值和续费工作\r\n4、接待来访客户，执行公司销售策略\r\n【我们需要这样的你】\r\n1.一年以上销售行业工作经验，互联网+b端，熟悉市场营销工作；\r\n2.坦诚自信，乐观进取，高度的工作热情；\r\n3.有良好的团队合作精神，有敬业精神；\r\n4.具有独立的分析和解决问题的能力；\r\n5.良好的沟通技巧和说服能力，能承受较大的工作压力；\r\n6.大专及以上学历，市场营销、电子商务或计算机等专业优先。', '掌握测试方法和工具', '西安雁塔区华为西安研究所锦业路127号', '2024-06-14', 13000, 9000, 1, '酒店/旅游');
INSERT INTO `job_posting` VALUES (33, 1, '文案策划', '职位描述：\r\n同行业经验优先录取~（APP,小程序，软件开发）商务专员/客户经理\r\n岗位福利：\r\n【你最关心的薪资福利】\r\n1.（浮动底薪制+高额提成）底薪4000-6200，月综合薪资10k-20k（销冠月薪3w+）\r\n2.试用期100%全薪发放，不打折，温饱问题无需担忧!\r\n3.完善的内部晋升机制，一年4次【透明化】晋升调薪机会，让你无惧未来，闪闪发光~\r\n4.每天公司都会安排下午茶，不仅喂饱你的身体，还能养活你的灵魂；\r\n5.这里的团队氛围超级nice，不定期的团建基金+节假日礼物+企业文化活动，平时扁平化管理，无需担心内卷，公司团队年轻化！沟通无压力！\r\n6.带薪年假+法定节假日+各种补贴(餐补、话补、工龄)+每天2.5小时中场休息，让你养精蓄锐，放飞自我\r\n【来这里带给你的优势】\r\n1.客户资源：四大资源渠道免费用，让你坐在5A级办公区独享资源；公司投入大量推广资金，获取意向客户资源；不需要出去跑，不需要打陌生电话，不需要陌拜，公司每日至少分配两条有效客户线索.\r\n2.品牌市场：近20年知名互联网品牌，市场份额占比大，强大的品牌实力，让你信心百倍；\r\n3.带薪培训：专业的岗前训帮助你快速了解公司，入组后的师徒帮带制，主管带你一起飞，只需5-7天即可开单；\r\n4.发展路径清晰：商务—组长—销售主管—储备经理—销售经理—销售总监\r\n岗位经验：\r\n【我们需要你做的事】\r\n1、前期通过电话与客户进行有效沟通了解客户需求和时间, 寻找销售机会邀约到公司进行面谈，商务谈判，前期我们的技术总监也会帮忙谈单哦\r\n2、把握客户需求，根据客户需求制定报价方案，促使签单；\r\n3、定期与客户进行沟通，维护老客户，建立良好的长期合作关系，做好老客户增值和续费工作\r\n4、接待来访客户，执行公司销售策略\r\n【我们需要这样的你】\r\n1.一年以上销售行业工作经验，互联网+b端，熟悉市场营销工作；\r\n2.坦诚自信，乐观进取，高度的工作热情；\r\n3.有良好的团队合作精神，有敬业精神；\r\n4.具有独立的分析和解决问题的能力；\r\n5.良好的沟通技巧和说服能力，能承受较大的工作压力；\r\n6.大专及以上学历，市场营销、电子商务或计算机等专业优先。', '文字功底好,创意丰富', '深圳南山区腾讯大厦', '2024-06-13', 11000, 8000, 1, '教育培训');
INSERT INTO `job_posting` VALUES (34, 1, '行政助理', '职位描述：\r\n同行业经验优先录取~（APP,小程序，软件开发）商务专员/客户经理\r\n岗位福利：\r\n【你最关心的薪资福利】\r\n1.（浮动底薪制+高额提成）底薪4000-6200，月综合薪资10k-20k（销冠月薪3w+）\r\n2.试用期100%全薪发放，不打折，温饱问题无需担忧!\r\n3.完善的内部晋升机制，一年4次【透明化】晋升调薪机会，让你无惧未来，闪闪发光~\r\n4.每天公司都会安排下午茶，不仅喂饱你的身体，还能养活你的灵魂；\r\n5.这里的团队氛围超级nice，不定期的团建基金+节假日礼物+企业文化活动，平时扁平化管理，无需担心内卷，公司团队年轻化！沟通无压力！\r\n6.带薪年假+法定节假日+各种补贴(餐补、话补、工龄)+每天2.5小时中场休息，让你养精蓄锐，放飞自我\r\n【来这里带给你的优势】\r\n1.客户资源：四大资源渠道免费用，让你坐在5A级办公区独享资源；公司投入大量推广资金，获取意向客户资源；不需要出去跑，不需要打陌生电话，不需要陌拜，公司每日至少分配两条有效客户线索.\r\n2.品牌市场：近20年知名互联网品牌，市场份额占比大，强大的品牌实力，让你信心百倍；\r\n3.带薪培训：专业的岗前训帮助你快速了解公司，入组后的师徒帮带制，主管带你一起飞，只需5-7天即可开单；\r\n4.发展路径清晰：商务—组长—销售主管—储备经理—销售经理—销售总监\r\n岗位经验：\r\n【我们需要你做的事】\r\n1、前期通过电话与客户进行有效沟通了解客户需求和时间, 寻找销售机会邀约到公司进行面谈，商务谈判，前期我们的技术总监也会帮忙谈单哦\r\n2、把握客户需求，根据客户需求制定报价方案，促使签单；\r\n3、定期与客户进行沟通，维护老客户，建立良好的长期合作关系，做好老客户增值和续费工作\r\n4、接待来访客户，执行公司销售策略\r\n【我们需要这样的你】\r\n1.一年以上销售行业工作经验，互联网+b端，熟悉市场营销工作；\r\n2.坦诚自信，乐观进取，高度的工作热情；\r\n3.有良好的团队合作精神，有敬业精神；\r\n4.具有独立的分析和解决问题的能力；\r\n5.良好的沟通技巧和说服能力，能承受较大的工作压力；\r\n6.大专及以上学历，市场营销、电子商务或计算机等专业优先。', '工作认真细致,有条理', '青岛郑州二七区亚星时代广场15楼1501号\r\n郑州金水区卫华大厦13层\r\n西安雁塔区华为西安研究所锦业路127号\r\n深圳南山区腾讯大厦', '2024-06-12', 8000, 6000, 1, '医疗健康');
INSERT INTO `job_posting` VALUES (35, 1, '客服专员', '3.带薪培训：专业的岗前训帮助你快速了解公司，入组后的师徒帮带制，主管带你一起飞，只需5-7天即可开单；', '有耐心,良好的沟通技巧', '青岛郑州二七区亚星时代广场15楼1501号\r\n郑州金水区卫华大厦13层\r\n西安雁塔区华为西安研究所锦业路127号\r\n深圳南山区腾讯大厦', '2024-06-11', 7000, 5000, 1, '物流/存储/司机');
INSERT INTO `job_posting` VALUES (36, 2, '兼职公路工程师二级建造师', '职位描述：\r\n同行业经验优先录取~（APP,小程序，软件开发）商务专员/客户经理\r\n岗位福利：\r\n【你最关心的薪资福利】\r\n1.（浮动底薪制+高额提成）底薪4000-6200，月综合薪资10k-20k（销冠月薪3w+）\r\n2.试用期100%全薪发放，不打折，温饱问题无需担忧!\r\n3.完善的内部晋升机制，一年4次【透明化】晋升调薪机会，让你无惧未来，闪闪发光~\r\n4.每天公司都会安排下午茶，不仅喂饱你的身体，还能养活你的灵魂；\r\n5.这里的团队氛围超级nice，不定期的团建基金+节假日礼物+企业文化活动，平时扁平化管理，无需担心内卷，公司团队年轻化！沟通无压力！\r\n6.带薪年假+法定节假日+各种补贴(餐补、话补、工龄)+每天2.5小时中场休息，让你养精蓄锐，放飞自我\r\n【来这里带给你的优势】\r\n1.客户资源：四大资源渠道免费用，让你坐在5A级办公区独享资源；公司投入大量推广资金，获取意向客户资源；不需要出去跑，不需要打陌生电话，不需要陌拜，公司每日至少分配两条有效客户线索.\r\n2.品牌市场：近20年知名互联网品牌，市场份额占比大，强大的品牌实力，让你信心百倍；\r\n3.带薪培训：专业的岗前训帮助你快速了解公司，入组后的师徒帮带制，主管带你一起飞，只需5-7天即可开单；\r\n4.发展路径清晰：商务—组长—销售主管—储备经理—销售经理—销售总监\r\n岗位经验：\r\n【我们需要你做的事】\r\n1、前期通过电话与客户进行有效沟通了解客户需求和时间, 寻找销售机会邀约到公司进行面谈，商务谈判，前期我们的技术总监也会帮忙谈单哦\r\n2、把握客户需求，根据客户需求制定报价方案，促使签单；\r\n3、定期与客户进行沟通，维护老客户，建立良好的长期合作关系，做好老客户增值和续费工作\r\n4、接待来访客户，执行公司销售策略\r\n【我们需要这样的你】\r\n1.一年以上销售行业工作经验，互联网+b端，熟悉市场营销工作；\r\n2.坦诚自信，乐观进取，高度的工作热情；\r\n3.有良好的团队合作精神，有敬业精神；\r\n4.具有独立的分析和解决问题的能力；\r\n5.良好的沟通技巧和说服能力，能承受较大的工作压力；\r\n6.大专及以上学历，市场营销、电子商务或计算机等专业优先。', '学历不限,经验不限,五险一金', '郑州二七区亚星时代广场15楼1501号', '2024-06-30', 8000, 3000, 1, '互联网AI');
INSERT INTO `job_posting` VALUES (37, 2, '软件工程师', '职位描述：\r\n同行业经验优先录取~（APP,小程序，软件开发）商务专员/客户经理\r\n岗位福利：\r\n【你最关心的薪资福利】\r\n1.（浮动底薪制+高额提成）底薪4000-6200，月综合薪资10k-20k（销冠月薪3w+）\r\n2.试用期100%全薪发放，不打折，温饱问题无需担忧!\r\n3.完善的内部晋升机制，一年4次【透明化】晋升调薪机会，让你无惧未来，闪闪发光~\r\n4.每天公司都会安排下午茶，不仅喂饱你的身体，还能养活你的灵魂；\r\n5.这里的团队氛围超级nice，不定期的团建基金+节假日礼物+企业文化活动，平时扁平化管理，无需担心内卷，公司团队年轻化！沟通无压力！\r\n6.带薪年假+法定节假日+各种补贴(餐补、话补、工龄)+每天2.5小时中场休息，让你养精蓄锐，放飞自我\r\n【来这里带给你的优势】\r\n1.客户资源：四大资源渠道免费用，让你坐在5A级办公区独享资源；公司投入大量推广资金，获取意向客户资源；不需要出去跑，不需要打陌生电话，不需要陌拜，公司每日至少分配两条有效客户线索.\r\n2.品牌市场：近20年知名互联网品牌，市场份额占比大，强大的品牌实力，让你信心百倍；\r\n3.带薪培训：专业的岗前训帮助你快速了解公司，入组后的师徒帮带制，主管带你一起飞，只需5-7天即可开单；\r\n4.发展路径清晰：商务—组长—销售主管—储备经理—销售经理—销售总监\r\n岗位经验：\r\n【我们需要你做的事】\r\n1、前期通过电话与客户进行有效沟通了解客户需求和时间, 寻找销售机会邀约到公司进行面谈，商务谈判，前期我们的技术总监也会帮忙谈单哦\r\n2、把握客户需求，根据客户需求制定报价方案，促使签单；\r\n3、定期与客户进行沟通，维护老客户，建立良好的长期合作关系，做好老客户增值和续费工作\r\n4、接待来访客户，执行公司销售策略\r\n【我们需要这样的你】\r\n1.一年以上销售行业工作经验，互联网+b端，熟悉市场营销工作；\r\n2.坦诚自信，乐观进取，高度的工作热情；\r\n3.有良好的团队合作精神，有敬业精神；\r\n4.具有独立的分析和解决问题的能力；\r\n5.良好的沟通技巧和说服能力，能承受较大的工作压力；\r\n6.大专及以上学历，市场营销、电子商务或计算机等专业优先。', '熟练掌握 Java、Python 等编程语言,有相关项目经验', '郑州金水区卫华大厦13层', '2024-06-21', 20000, 15000, 1, '电子/电气/通信');
INSERT INTO `job_posting` VALUES (38, 2, '市场营销专员', '职位描述：\r\n同行业经验优先录取~（APP,小程序，软件开发）商务专员/客户经理\r\n岗位福利：\r\n【你最关心的薪资福利】\r\n1.（浮动底薪制+高额提成）底薪4000-6200，月综合薪资10k-20k（销冠月薪3w+）\r\n2.试用期100%全薪发放，不打折，温饱问题无需担忧!\r\n3.完善的内部晋升机制，一年4次【透明化】晋升调薪机会，让你无惧未来，闪闪发光~\r\n4.每天公司都会安排下午茶，不仅喂饱你的身体，还能养活你的灵魂；\r\n5.这里的团队氛围超级nice，不定期的团建基金+节假日礼物+企业文化活动，平时扁平化管理，无需担心内卷，公司团队年轻化！沟通无压力！\r\n6.带薪年假+法定节假日+各种补贴(餐补、话补、工龄)+每天2.5小时中场休息，让你养精蓄锐，放飞自我\r\n【来这里带给你的优势】\r\n1.客户资源：四大资源渠道免费用，让你坐在5A级办公区独享资源；公司投入大量推广资金，获取意向客户资源；不需要出去跑，不需要打陌生电话，不需要陌拜，公司每日至少分配两条有效客户线索.\r\n2.品牌市场：近20年知名互联网品牌，市场份额占比大，强大的品牌实力，让你信心百倍；\r\n3.带薪培训：专业的岗前训帮助你快速了解公司，入组后的师徒帮带制，主管带你一起飞，只需5-7天即可开单；\r\n4.发展路径清晰：商务—组长—销售主管—储备经理—销售经理—销售总监\r\n岗位经验：\r\n【我们需要你做的事】\r\n1、前期通过电话与客户进行有效沟通了解客户需求和时间, 寻找销售机会邀约到公司进行面谈，商务谈判，前期我们的技术总监也会帮忙谈单哦\r\n2、把握客户需求，根据客户需求制定报价方案，促使签单；\r\n3、定期与客户进行沟通，维护老客户，建立良好的长期合作关系，做好老客户增值和续费工作\r\n4、接待来访客户，执行公司销售策略\r\n【我们需要这样的你】\r\n1.一年以上销售行业工作经验，互联网+b端，熟悉市场营销工作；\r\n2.坦诚自信，乐观进取，高度的工作热情；\r\n3.有良好的团队合作精神，有敬业精神；\r\n4.具有独立的分析和解决问题的能力；\r\n5.良好的沟通技巧和说服能力，能承受较大的工作压力；\r\n6.大专及以上学历，市场营销、电子商务或计算机等专业优先。', '具备良好的沟通和市场分析能力', '西安雁塔区华为西安研究所锦业路127号', '2024-06-20', 18000, 12000, 1, '产品');
INSERT INTO `job_posting` VALUES (39, 2, '数据分析师', '职位描述：\r\n同行业经验优先录取~（APP,小程序，软件开发）商务专员/客户经理\r\n岗位福利：\r\n【你最关心的薪资福利】\r\n1.（浮动底薪制+高额提成）底薪4000-6200，月综合薪资10k-20k（销冠月薪3w+）\r\n2.试用期100%全薪发放，不打折，温饱问题无需担忧!\r\n3.完善的内部晋升机制，一年4次【透明化】晋升调薪机会，让你无惧未来，闪闪发光~\r\n4.每天公司都会安排下午茶，不仅喂饱你的身体，还能养活你的灵魂；\r\n5.这里的团队氛围超级nice，不定期的团建基金+节假日礼物+企业文化活动，平时扁平化管理，无需担心内卷，公司团队年轻化！沟通无压力！\r\n6.带薪年假+法定节假日+各种补贴(餐补、话补、工龄)+每天2.5小时中场休息，让你养精蓄锐，放飞自我\r\n【来这里带给你的优势】\r\n1.客户资源：四大资源渠道免费用，让你坐在5A级办公区独享资源；公司投入大量推广资金，获取意向客户资源；不需要出去跑，不需要打陌生电话，不需要陌拜，公司每日至少分配两条有效客户线索.\r\n2.品牌市场：近20年知名互联网品牌，市场份额占比大，强大的品牌实力，让你信心百倍；\r\n3.带薪培训：专业的岗前训帮助你快速了解公司，入组后的师徒帮带制，主管带你一起飞，只需5-7天即可开单；\r\n4.发展路径清晰：商务—组长—销售主管—储备经理—销售经理—销售总监\r\n岗位经验：\r\n【我们需要你做的事】\r\n1、前期通过电话与客户进行有效沟通了解客户需求和时间, 寻找销售机会邀约到公司进行面谈，商务谈判，前期我们的技术总监也会帮忙谈单哦\r\n2、把握客户需求，根据客户需求制定报价方案，促使签单；\r\n3、定期与客户进行沟通，维护老客户，建立良好的长期合作关系，做好老客户增值和续费工作\r\n4、接待来访客户，执行公司销售策略\r\n【我们需要这样的你】\r\n1.一年以上销售行业工作经验，互联网+b端，熟悉市场营销工作；\r\n2.坦诚自信，乐观进取，高度的工作热情；\r\n3.有良好的团队合作精神，有敬业精神；\r\n4.具有独立的分析和解决问题的能力；\r\n5.良好的沟通技巧和说服能力，能承受较大的工作压力；\r\n6.大专及以上学历，市场营销、电子商务或计算机等专业优先。', '熟悉数据分析工具,统计学知识扎实', '深圳南山区腾讯大厦', '2024-06-19', 25000, 20000, 1, '客服/运营');
INSERT INTO `job_posting` VALUES (40, 2, '产品经理', '职位描述：\r\n同行业经验优先录取~（APP,小程序，软件开发）商务专员/客户经理\r\n岗位福利：\r\n【你最关心的薪资福利】\r\n1.（浮动底薪制+高额提成）底薪4000-6200，月综合薪资10k-20k（销冠月薪3w+）\r\n2.试用期100%全薪发放，不打折，温饱问题无需担忧!\r\n3.完善的内部晋升机制，一年4次【透明化】晋升调薪机会，让你无惧未来，闪闪发光~\r\n4.每天公司都会安排下午茶，不仅喂饱你的身体，还能养活你的灵魂；\r\n5.这里的团队氛围超级nice，不定期的团建基金+节假日礼物+企业文化活动，平时扁平化管理，无需担心内卷，公司团队年轻化！沟通无压力！\r\n6.带薪年假+法定节假日+各种补贴(餐补、话补、工龄)+每天2.5小时中场休息，让你养精蓄锐，放飞自我\r\n【来这里带给你的优势】\r\n1.客户资源：四大资源渠道免费用，让你坐在5A级办公区独享资源；公司投入大量推广资金，获取意向客户资源；不需要出去跑，不需要打陌生电话，不需要陌拜，公司每日至少分配两条有效客户线索.\r\n2.品牌市场：近20年知名互联网品牌，市场份额占比大，强大的品牌实力，让你信心百倍；\r\n3.带薪培训：专业的岗前训帮助你快速了解公司，入组后的师徒帮带制，主管带你一起飞，只需5-7天即可开单；\r\n4.发展路径清晰：商务—组长—销售主管—储备经理—销售经理—销售总监\r\n岗位经验：\r\n【我们需要你做的事】\r\n1、前期通过电话与客户进行有效沟通了解客户需求和时间, 寻找销售机会邀约到公司进行面谈，商务谈判，前期我们的技术总监也会帮忙谈单哦\r\n2、把握客户需求，根据客户需求制定报价方案，促使签单；\r\n3、定期与客户进行沟通，维护老客户，建立良好的长期合作关系，做好老客户增值和续费工作\r\n4、接待来访客户，执行公司销售策略\r\n【我们需要这样的你】\r\n1.一年以上销售行业工作经验，互联网+b端，熟悉市场营销工作；\r\n2.坦诚自信，乐观进取，高度的工作热情；\r\n3.有良好的团队合作精神，有敬业精神；\r\n4.具有独立的分析和解决问题的能力；\r\n5.良好的沟通技巧和说服能力，能承受较大的工作压力；\r\n6.大专及以上学历，市场营销、电子商务或计算机等专业优先。', '有丰富的产品经验,良好的团队协作能力', '郑州二七区亚星时代广场15楼1501号', '2024-06-22', 30000, 20000, 1, '销售');
INSERT INTO `job_posting` VALUES (41, 2, 'UI 设计师', '职位描述：\r\n同行业经验优先录取~（APP,小程序，软件开发）商务专员/客户经理\r\n岗位福利：\r\n【你最关心的薪资福利】\r\n1.（浮动底薪制+高额提成）底薪4000-6200，月综合薪资10k-20k（销冠月薪3w+）\r\n2.试用期100%全薪发放，不打折，温饱问题无需担忧!\r\n3.完善的内部晋升机制，一年4次【透明化】晋升调薪机会，让你无惧未来，闪闪发光~\r\n4.每天公司都会安排下午茶，不仅喂饱你的身体，还能养活你的灵魂；\r\n5.这里的团队氛围超级nice，不定期的团建基金+节假日礼物+企业文化活动，平时扁平化管理，无需担心内卷，公司团队年轻化！沟通无压力！\r\n6.带薪年假+法定节假日+各种补贴(餐补、话补、工龄)+每天2.5小时中场休息，让你养精蓄锐，放飞自我\r\n【来这里带给你的优势】\r\n1.客户资源：四大资源渠道免费用，让你坐在5A级办公区独享资源；公司投入大量推广资金，获取意向客户资源；不需要出去跑，不需要打陌生电话，不需要陌拜，公司每日至少分配两条有效客户线索.\r\n2.品牌市场：近20年知名互联网品牌，市场份额占比大，强大的品牌实力，让你信心百倍；\r\n3.带薪培训：专业的岗前训帮助你快速了解公司，入组后的师徒帮带制，主管带你一起飞，只需5-7天即可开单；\r\n4.发展路径清晰：商务—组长—销售主管—储备经理—销售经理—销售总监\r\n岗位经验：\r\n【我们需要你做的事】\r\n1、前期通过电话与客户进行有效沟通了解客户需求和时间, 寻找销售机会邀约到公司进行面谈，商务谈判，前期我们的技术总监也会帮忙谈单哦\r\n2、把握客户需求，根据客户需求制定报价方案，促使签单；\r\n3、定期与客户进行沟通，维护老客户，建立良好的长期合作关系，做好老客户增值和续费工作\r\n4、接待来访客户，执行公司销售策略\r\n【我们需要这样的你】\r\n1.一年以上销售行业工作经验，互联网+b端，熟悉市场营销工作；\r\n2.坦诚自信，乐观进取，高度的工作热情；\r\n3.有良好的团队合作精神，有敬业精神；\r\n4.具有独立的分析和解决问题的能力；\r\n5.良好的沟通技巧和说服能力，能承受较大的工作压力；\r\n6.大专及以上学历，市场营销、电子商务或计算机等专业优先。', '熟练使用设计工,有创新思维', '郑州金水区卫华大厦13层', '2024-06-18', 15000, 10000, 1, '人力/行政');
INSERT INTO `job_posting` VALUES (42, 2, '人力资源专员', '职位描述：\r\n同行业经验优先录取~（APP,小程序，软件开发）商务专员/客户经理\r\n岗位福利：\r\n【你最关心的薪资福利】\r\n1.（浮动底薪制+高额提成）底薪4000-6200，月综合薪资10k-20k（销冠月薪3w+）\r\n2.试用期100%全薪发放，不打折，温饱问题无需担忧!\r\n3.完善的内部晋升机制，一年4次【透明化】晋升调薪机会，让你无惧未来，闪闪发光~\r\n4.每天公司都会安排下午茶，不仅喂饱你的身体，还能养活你的灵魂；\r\n5.这里的团队氛围超级nice，不定期的团建基金+节假日礼物+企业文化活动，平时扁平化管理，无需担心内卷，公司团队年轻化！沟通无压力！\r\n6.带薪年假+法定节假日+各种补贴(餐补、话补、工龄)+每天2.5小时中场休息，让你养精蓄锐，放飞自我\r\n【来这里带给你的优势】\r\n1.客户资源：四大资源渠道免费用，让你坐在5A级办公区独享资源；公司投入大量推广资金，获取意向客户资源；不需要出去跑，不需要打陌生电话，不需要陌拜，公司每日至少分配两条有效客户线索.\r\n2.品牌市场：近20年知名互联网品牌，市场份额占比大，强大的品牌实力，让你信心百倍；\r\n3.带薪培训：专业的岗前训帮助你快速了解公司，入组后的师徒帮带制，主管带你一起飞，只需5-7天即可开单；\r\n4.发展路径清晰：商务—组长—销售主管—储备经理—销售经理—销售总监\r\n岗位经验：\r\n【我们需要你做的事】\r\n1、前期通过电话与客户进行有效沟通了解客户需求和时间, 寻找销售机会邀约到公司进行面谈，商务谈判，前期我们的技术总监也会帮忙谈单哦\r\n2、把握客户需求，根据客户需求制定报价方案，促使签单；\r\n3、定期与客户进行沟通，维护老客户，建立良好的长期合作关系，做好老客户增值和续费工作\r\n4、接待来访客户，执行公司销售策略\r\n【我们需要这样的你】\r\n1.一年以上销售行业工作经验，互联网+b端，熟悉市场营销工作；\r\n2.坦诚自信，乐观进取，高度的工作热情；\r\n3.有良好的团队合作精神，有敬业精神；\r\n4.具有独立的分析和解决问题的能力；\r\n5.良好的沟通技巧和说服能力，能承受较大的工作压力；\r\n6.大专及以上学历，市场营销、电子商务或计算机等专业优先。', '熟悉人力资源流程,沟通能力强', '西安雁塔区华为西安研究所锦业路127号', '2024-06-23', 12000, 8000, 1, '财物/审计');
INSERT INTO `job_posting` VALUES (43, 2, '财务会计', '职位描述：\r\n同行业经验优先录取~（APP,小程序，软件开发）商务专员/客户经理\r\n岗位福利：\r\n【你最关心的薪资福利】\r\n1.（浮动底薪制+高额提成）底薪4000-6200，月综合薪资10k-20k（销冠月薪3w+）\r\n2.试用期100%全薪发放，不打折，温饱问题无需担忧!\r\n3.完善的内部晋升机制，一年4次【透明化】晋升调薪机会，让你无惧未来，闪闪发光~\r\n4.每天公司都会安排下午茶，不仅喂饱你的身体，还能养活你的灵魂；\r\n5.这里的团队氛围超级nice，不定期的团建基金+节假日礼物+企业文化活动，平时扁平化管理，无需担心内卷，公司团队年轻化！沟通无压力！\r\n6.带薪年假+法定节假日+各种补贴(餐补、话补、工龄)+每天2.5小时中场休息，让你养精蓄锐，放飞自我\r\n【来这里带给你的优势】\r\n1.客户资源：四大资源渠道免费用，让你坐在5A级办公区独享资源；公司投入大量推广资金，获取意向客户资源；不需要出去跑，不需要打陌生电话，不需要陌拜，公司每日至少分配两条有效客户线索.\r\n2.品牌市场：近20年知名互联网品牌，市场份额占比大，强大的品牌实力，让你信心百倍；\r\n3.带薪培训：专业的岗前训帮助你快速了解公司，入组后的师徒帮带制，主管带你一起飞，只需5-7天即可开单；\r\n4.发展路径清晰：商务—组长—销售主管—储备经理—销售经理—销售总监\r\n岗位经验：\r\n【我们需要你做的事】\r\n1、前期通过电话与客户进行有效沟通了解客户需求和时间, 寻找销售机会邀约到公司进行面谈，商务谈判，前期我们的技术总监也会帮忙谈单哦\r\n2、把握客户需求，根据客户需求制定报价方案，促使签单；\r\n3、定期与客户进行沟通，维护老客户，建立良好的长期合作关系，做好老客户增值和续费工作\r\n4、接待来访客户，执行公司销售策略\r\n【我们需要这样的你】\r\n1.一年以上销售行业工作经验，互联网+b端，熟悉市场营销工作；\r\n2.坦诚自信，乐观进取，高度的工作热情；\r\n3.有良好的团队合作精神，有敬业精神；\r\n4.具有独立的分析和解决问题的能力；\r\n5.良好的沟通技巧和说服能力，能承受较大的工作压力；\r\n6.大专及以上学历，市场营销、电子商务或计算机等专业优先。', '财务专业知识扎实,细心负责', '深圳南山区腾讯大厦', '2024-06-17', 10000, 7000, 1, '生产制造');
INSERT INTO `job_posting` VALUES (44, 2, '销售代表', '职位描述：\r\n同行业经验优先录取~（APP,小程序，软件开发）商务专员/客户经理\r\n岗位福利：\r\n【你最关心的薪资福利】\r\n1.（浮动底薪制+高额提成）底薪4000-6200，月综合薪资10k-20k（销冠月薪3w+）\r\n2.试用期100%全薪发放，不打折，温饱问题无需担忧!\r\n3.完善的内部晋升机制，一年4次【透明化】晋升调薪机会，让你无惧未来，闪闪发光~\r\n4.每天公司都会安排下午茶，不仅喂饱你的身体，还能养活你的灵魂；\r\n5.这里的团队氛围超级nice，不定期的团建基金+节假日礼物+企业文化活动，平时扁平化管理，无需担心内卷，公司团队年轻化！沟通无压力！\r\n6.带薪年假+法定节假日+各种补贴(餐补、话补、工龄)+每天2.5小时中场休息，让你养精蓄锐，放飞自我\r\n【来这里带给你的优势】\r\n1.客户资源：四大资源渠道免费用，让你坐在5A级办公区独享资源；公司投入大量推广资金，获取意向客户资源；不需要出去跑，不需要打陌生电话，不需要陌拜，公司每日至少分配两条有效客户线索.\r\n2.品牌市场：近20年知名互联网品牌，市场份额占比大，强大的品牌实力，让你信心百倍；\r\n3.带薪培训：专业的岗前训帮助你快速了解公司，入组后的师徒帮带制，主管带你一起飞，只需5-7天即可开单；\r\n4.发展路径清晰：商务—组长—销售主管—储备经理—销售经理—销售总监\r\n岗位经验：\r\n【我们需要你做的事】\r\n1、前期通过电话与客户进行有效沟通了解客户需求和时间, 寻找销售机会邀约到公司进行面谈，商务谈判，前期我们的技术总监也会帮忙谈单哦\r\n2、把握客户需求，根据客户需求制定报价方案，促使签单；\r\n3、定期与客户进行沟通，维护老客户，建立良好的长期合作关系，做好老客户增值和续费工作\r\n4、接待来访客户，执行公司销售策略\r\n【我们需要这样的你】\r\n1.一年以上销售行业工作经验，互联网+b端，熟悉市场营销工作；\r\n2.坦诚自信，乐观进取，高度的工作热情；\r\n3.有良好的团队合作精神，有敬业精神；\r\n4.具有独立的分析和解决问题的能力；\r\n5.良好的沟通技巧和说服能力，能承受较大的工作压力；\r\n6.大专及以上学历，市场营销、电子商务或计算机等专业优先。', '有销售经验,抗压能力强', '郑州二七区亚星时代广场15楼1501号', '2024-06-16', 18000, 10000, 1, '零售/生活服务');
INSERT INTO `job_posting` VALUES (45, 2, '运维工程师', '职位描述：\r\n同行业经验优先录取~（APP,小程序，软件开发）商务专员/客户经理\r\n岗位福利：\r\n【你最关心的薪资福利】\r\n1.（浮动底薪制+高额提成）底薪4000-6200，月综合薪资10k-20k（销冠月薪3w+）\r\n2.试用期100%全薪发放，不打折，温饱问题无需担忧!\r\n3.完善的内部晋升机制，一年4次【透明化】晋升调薪机会，让你无惧未来，闪闪发光~\r\n4.每天公司都会安排下午茶，不仅喂饱你的身体，还能养活你的灵魂；\r\n5.这里的团队氛围超级nice，不定期的团建基金+节假日礼物+企业文化活动，平时扁平化管理，无需担心内卷，公司团队年轻化！沟通无压力！\r\n6.带薪年假+法定节假日+各种补贴(餐补、话补、工龄)+每天2.5小时中场休息，让你养精蓄锐，放飞自我\r\n【来这里带给你的优势】\r\n1.客户资源：四大资源渠道免费用，让你坐在5A级办公区独享资源；公司投入大量推广资金，获取意向客户资源；不需要出去跑，不需要打陌生电话，不需要陌拜，公司每日至少分配两条有效客户线索.\r\n2.品牌市场：近20年知名互联网品牌，市场份额占比大，强大的品牌实力，让你信心百倍；\r\n3.带薪培训：专业的岗前训帮助你快速了解公司，入组后的师徒帮带制，主管带你一起飞，只需5-7天即可开单；\r\n4.发展路径清晰：商务—组长—销售主管—储备经理—销售经理—销售总监\r\n岗位经验：\r\n【我们需要你做的事】\r\n1、前期通过电话与客户进行有效沟通了解客户需求和时间, 寻找销售机会邀约到公司进行面谈，商务谈判，前期我们的技术总监也会帮忙谈单哦\r\n2、把握客户需求，根据客户需求制定报价方案，促使签单；\r\n3、定期与客户进行沟通，维护老客户，建立良好的长期合作关系，做好老客户增值和续费工作\r\n4、接待来访客户，执行公司销售策略\r\n【我们需要这样的你】\r\n1.一年以上销售行业工作经验，互联网+b端，熟悉市场营销工作；\r\n2.坦诚自信，乐观进取，高度的工作热情；\r\n3.有良好的团队合作精神，有敬业精神；\r\n4.具有独立的分析和解决问题的能力；\r\n5.良好的沟通技巧和说服能力，能承受较大的工作压力；\r\n6.大专及以上学历，市场营销、电子商务或计算机等专业优先。', '熟悉服务器运维,解决技术问题', '郑州金水区卫华大厦13层', '2024-06-15', 16000, 12000, 1, '餐饮');
INSERT INTO `job_posting` VALUES (46, 2, '测试工程师', '职位描述：\r\n同行业经验优先录取~（APP,小程序，软件开发）商务专员/客户经理\r\n岗位福利：\r\n【你最关心的薪资福利】\r\n1.（浮动底薪制+高额提成）底薪4000-6200，月综合薪资10k-20k（销冠月薪3w+）\r\n2.试用期100%全薪发放，不打折，温饱问题无需担忧!\r\n3.完善的内部晋升机制，一年4次【透明化】晋升调薪机会，让你无惧未来，闪闪发光~\r\n4.每天公司都会安排下午茶，不仅喂饱你的身体，还能养活你的灵魂；\r\n5.这里的团队氛围超级nice，不定期的团建基金+节假日礼物+企业文化活动，平时扁平化管理，无需担心内卷，公司团队年轻化！沟通无压力！\r\n6.带薪年假+法定节假日+各种补贴(餐补、话补、工龄)+每天2.5小时中场休息，让你养精蓄锐，放飞自我\r\n【来这里带给你的优势】\r\n1.客户资源：四大资源渠道免费用，让你坐在5A级办公区独享资源；公司投入大量推广资金，获取意向客户资源；不需要出去跑，不需要打陌生电话，不需要陌拜，公司每日至少分配两条有效客户线索.\r\n2.品牌市场：近20年知名互联网品牌，市场份额占比大，强大的品牌实力，让你信心百倍；\r\n3.带薪培训：专业的岗前训帮助你快速了解公司，入组后的师徒帮带制，主管带你一起飞，只需5-7天即可开单；\r\n4.发展路径清晰：商务—组长—销售主管—储备经理—销售经理—销售总监\r\n岗位经验：\r\n【我们需要你做的事】\r\n1、前期通过电话与客户进行有效沟通了解客户需求和时间, 寻找销售机会邀约到公司进行面谈，商务谈判，前期我们的技术总监也会帮忙谈单哦\r\n2、把握客户需求，根据客户需求制定报价方案，促使签单；\r\n3、定期与客户进行沟通，维护老客户，建立良好的长期合作关系，做好老客户增值和续费工作\r\n4、接待来访客户，执行公司销售策略\r\n【我们需要这样的你】\r\n1.一年以上销售行业工作经验，互联网+b端，熟悉市场营销工作；\r\n2.坦诚自信，乐观进取，高度的工作热情；\r\n3.有良好的团队合作精神，有敬业精神；\r\n4.具有独立的分析和解决问题的能力；\r\n5.良好的沟通技巧和说服能力，能承受较大的工作压力；\r\n6.大专及以上学历，市场营销、电子商务或计算机等专业优先。', '掌握测试方法和工具', '西安雁塔区华为西安研究所锦业路127号', '2024-06-14', 13000, 9000, 1, '酒店/旅游');
INSERT INTO `job_posting` VALUES (47, 2, '文案策划', '职位描述：\r\n同行业经验优先录取~（APP,小程序，软件开发）商务专员/客户经理\r\n岗位福利：\r\n【你最关心的薪资福利】\r\n1.（浮动底薪制+高额提成）底薪4000-6200，月综合薪资10k-20k（销冠月薪3w+）\r\n2.试用期100%全薪发放，不打折，温饱问题无需担忧!\r\n3.完善的内部晋升机制，一年4次【透明化】晋升调薪机会，让你无惧未来，闪闪发光~\r\n4.每天公司都会安排下午茶，不仅喂饱你的身体，还能养活你的灵魂；\r\n5.这里的团队氛围超级nice，不定期的团建基金+节假日礼物+企业文化活动，平时扁平化管理，无需担心内卷，公司团队年轻化！沟通无压力！\r\n6.带薪年假+法定节假日+各种补贴(餐补、话补、工龄)+每天2.5小时中场休息，让你养精蓄锐，放飞自我\r\n【来这里带给你的优势】\r\n1.客户资源：四大资源渠道免费用，让你坐在5A级办公区独享资源；公司投入大量推广资金，获取意向客户资源；不需要出去跑，不需要打陌生电话，不需要陌拜，公司每日至少分配两条有效客户线索.\r\n2.品牌市场：近20年知名互联网品牌，市场份额占比大，强大的品牌实力，让你信心百倍；\r\n3.带薪培训：专业的岗前训帮助你快速了解公司，入组后的师徒帮带制，主管带你一起飞，只需5-7天即可开单；\r\n4.发展路径清晰：商务—组长—销售主管—储备经理—销售经理—销售总监\r\n岗位经验：\r\n【我们需要你做的事】\r\n1、前期通过电话与客户进行有效沟通了解客户需求和时间, 寻找销售机会邀约到公司进行面谈，商务谈判，前期我们的技术总监也会帮忙谈单哦\r\n2、把握客户需求，根据客户需求制定报价方案，促使签单；\r\n3、定期与客户进行沟通，维护老客户，建立良好的长期合作关系，做好老客户增值和续费工作\r\n4、接待来访客户，执行公司销售策略\r\n【我们需要这样的你】\r\n1.一年以上销售行业工作经验，互联网+b端，熟悉市场营销工作；\r\n2.坦诚自信，乐观进取，高度的工作热情；\r\n3.有良好的团队合作精神，有敬业精神；\r\n4.具有独立的分析和解决问题的能力；\r\n5.良好的沟通技巧和说服能力，能承受较大的工作压力；\r\n6.大专及以上学历，市场营销、电子商务或计算机等专业优先。', '文字功底好,创意丰富', '深圳南山区腾讯大厦', '2024-06-13', 11000, 8000, 1, '教育培训');
INSERT INTO `job_posting` VALUES (48, 2, '行政助理', '职位描述：\r\n同行业经验优先录取~（APP,小程序，软件开发）商务专员/客户经理\r\n岗位福利：\r\n【你最关心的薪资福利】\r\n1.（浮动底薪制+高额提成）底薪4000-6200，月综合薪资10k-20k（销冠月薪3w+）\r\n2.试用期100%全薪发放，不打折，温饱问题无需担忧!\r\n3.完善的内部晋升机制，一年4次【透明化】晋升调薪机会，让你无惧未来，闪闪发光~\r\n4.每天公司都会安排下午茶，不仅喂饱你的身体，还能养活你的灵魂；\r\n5.这里的团队氛围超级nice，不定期的团建基金+节假日礼物+企业文化活动，平时扁平化管理，无需担心内卷，公司团队年轻化！沟通无压力！\r\n6.带薪年假+法定节假日+各种补贴(餐补、话补、工龄)+每天2.5小时中场休息，让你养精蓄锐，放飞自我\r\n【来这里带给你的优势】\r\n1.客户资源：四大资源渠道免费用，让你坐在5A级办公区独享资源；公司投入大量推广资金，获取意向客户资源；不需要出去跑，不需要打陌生电话，不需要陌拜，公司每日至少分配两条有效客户线索.\r\n2.品牌市场：近20年知名互联网品牌，市场份额占比大，强大的品牌实力，让你信心百倍；\r\n3.带薪培训：专业的岗前训帮助你快速了解公司，入组后的师徒帮带制，主管带你一起飞，只需5-7天即可开单；\r\n4.发展路径清晰：商务—组长—销售主管—储备经理—销售经理—销售总监\r\n岗位经验：\r\n【我们需要你做的事】\r\n1、前期通过电话与客户进行有效沟通了解客户需求和时间, 寻找销售机会邀约到公司进行面谈，商务谈判，前期我们的技术总监也会帮忙谈单哦\r\n2、把握客户需求，根据客户需求制定报价方案，促使签单；\r\n3、定期与客户进行沟通，维护老客户，建立良好的长期合作关系，做好老客户增值和续费工作\r\n4、接待来访客户，执行公司销售策略\r\n【我们需要这样的你】\r\n1.一年以上销售行业工作经验，互联网+b端，熟悉市场营销工作；\r\n2.坦诚自信，乐观进取，高度的工作热情；\r\n3.有良好的团队合作精神，有敬业精神；\r\n4.具有独立的分析和解决问题的能力；\r\n5.良好的沟通技巧和说服能力，能承受较大的工作压力；\r\n6.大专及以上学历，市场营销、电子商务或计算机等专业优先。', '工作认真细致,有条理', '青岛郑州二七区亚星时代广场15楼1501号\r\n郑州金水区卫华大厦13层\r\n西安雁塔区华为西安研究所锦业路127号\r\n深圳南山区腾讯大厦', '2024-06-12', 8000, 6000, 1, '医疗健康');
INSERT INTO `job_posting` VALUES (49, 2, '客服专员', '3.带薪培训：专业的岗前训帮助你快速了解公司，入组后的师徒帮带制，主管带你一起飞，只需5-7天即可开单；', '有耐心,良好的沟通技巧', '青岛郑州二七区亚星时代广场15楼1501号\r\n郑州金水区卫华大厦13层\r\n西安雁塔区华为西安研究所锦业路127号\r\n深圳南山区腾讯大厦', '2024-06-11', 7000, 5000, 1, '物流/存储/司机');
INSERT INTO `job_posting` VALUES (50, 4, '兼职公路工程师二级建造师', '职位描述：\r\n同行业经验优先录取~（APP,小程序，软件开发）商务专员/客户经理\r\n岗位福利：\r\n【你最关心的薪资福利】\r\n1.（浮动底薪制+高额提成）底薪4000-6200，月综合薪资10k-20k（销冠月薪3w+）\r\n2.试用期100%全薪发放，不打折，温饱问题无需担忧!\r\n3.完善的内部晋升机制，一年4次【透明化】晋升调薪机会，让你无惧未来，闪闪发光~\r\n4.每天公司都会安排下午茶，不仅喂饱你的身体，还能养活你的灵魂；\r\n5.这里的团队氛围超级nice，不定期的团建基金+节假日礼物+企业文化活动，平时扁平化管理，无需担心内卷，公司团队年轻化！沟通无压力！\r\n6.带薪年假+法定节假日+各种补贴(餐补、话补、工龄)+每天2.5小时中场休息，让你养精蓄锐，放飞自我\r\n【来这里带给你的优势】\r\n1.客户资源：四大资源渠道免费用，让你坐在5A级办公区独享资源；公司投入大量推广资金，获取意向客户资源；不需要出去跑，不需要打陌生电话，不需要陌拜，公司每日至少分配两条有效客户线索.\r\n2.品牌市场：近20年知名互联网品牌，市场份额占比大，强大的品牌实力，让你信心百倍；\r\n3.带薪培训：专业的岗前训帮助你快速了解公司，入组后的师徒帮带制，主管带你一起飞，只需5-7天即可开单；\r\n4.发展路径清晰：商务—组长—销售主管—储备经理—销售经理—销售总监\r\n岗位经验：\r\n【我们需要你做的事】\r\n1、前期通过电话与客户进行有效沟通了解客户需求和时间, 寻找销售机会邀约到公司进行面谈，商务谈判，前期我们的技术总监也会帮忙谈单哦\r\n2、把握客户需求，根据客户需求制定报价方案，促使签单；\r\n3、定期与客户进行沟通，维护老客户，建立良好的长期合作关系，做好老客户增值和续费工作\r\n4、接待来访客户，执行公司销售策略\r\n【我们需要这样的你】\r\n1.一年以上销售行业工作经验，互联网+b端，熟悉市场营销工作；\r\n2.坦诚自信，乐观进取，高度的工作热情；\r\n3.有良好的团队合作精神，有敬业精神；\r\n4.具有独立的分析和解决问题的能力；\r\n5.良好的沟通技巧和说服能力，能承受较大的工作压力；\r\n6.大专及以上学历，市场营销、电子商务或计算机等专业优先。', '学历不限,经验不限,五险一金', '郑州二七区亚星时代广场15楼1501号', '2024-06-30', 8000, 3000, 1, '互联网AI');
INSERT INTO `job_posting` VALUES (51, 4, '软件工程师', '职位描述：\r\n同行业经验优先录取~（APP,小程序，软件开发）商务专员/客户经理\r\n岗位福利：\r\n【你最关心的薪资福利】\r\n1.（浮动底薪制+高额提成）底薪4000-6200，月综合薪资10k-20k（销冠月薪3w+）\r\n2.试用期100%全薪发放，不打折，温饱问题无需担忧!\r\n3.完善的内部晋升机制，一年4次【透明化】晋升调薪机会，让你无惧未来，闪闪发光~\r\n4.每天公司都会安排下午茶，不仅喂饱你的身体，还能养活你的灵魂；\r\n5.这里的团队氛围超级nice，不定期的团建基金+节假日礼物+企业文化活动，平时扁平化管理，无需担心内卷，公司团队年轻化！沟通无压力！\r\n6.带薪年假+法定节假日+各种补贴(餐补、话补、工龄)+每天2.5小时中场休息，让你养精蓄锐，放飞自我\r\n【来这里带给你的优势】\r\n1.客户资源：四大资源渠道免费用，让你坐在5A级办公区独享资源；公司投入大量推广资金，获取意向客户资源；不需要出去跑，不需要打陌生电话，不需要陌拜，公司每日至少分配两条有效客户线索.\r\n2.品牌市场：近20年知名互联网品牌，市场份额占比大，强大的品牌实力，让你信心百倍；\r\n3.带薪培训：专业的岗前训帮助你快速了解公司，入组后的师徒帮带制，主管带你一起飞，只需5-7天即可开单；\r\n4.发展路径清晰：商务—组长—销售主管—储备经理—销售经理—销售总监\r\n岗位经验：\r\n【我们需要你做的事】\r\n1、前期通过电话与客户进行有效沟通了解客户需求和时间, 寻找销售机会邀约到公司进行面谈，商务谈判，前期我们的技术总监也会帮忙谈单哦\r\n2、把握客户需求，根据客户需求制定报价方案，促使签单；\r\n3、定期与客户进行沟通，维护老客户，建立良好的长期合作关系，做好老客户增值和续费工作\r\n4、接待来访客户，执行公司销售策略\r\n【我们需要这样的你】\r\n1.一年以上销售行业工作经验，互联网+b端，熟悉市场营销工作；\r\n2.坦诚自信，乐观进取，高度的工作热情；\r\n3.有良好的团队合作精神，有敬业精神；\r\n4.具有独立的分析和解决问题的能力；\r\n5.良好的沟通技巧和说服能力，能承受较大的工作压力；\r\n6.大专及以上学历，市场营销、电子商务或计算机等专业优先。', '熟练掌握 Java、Python 等编程语言,有相关项目经验', '郑州金水区卫华大厦13层', '2024-06-21', 20000, 15000, 1, '电子/电气/通信');
INSERT INTO `job_posting` VALUES (52, 4, '市场营销专员', '职位描述：\r\n同行业经验优先录取~（APP,小程序，软件开发）商务专员/客户经理\r\n岗位福利：\r\n【你最关心的薪资福利】\r\n1.（浮动底薪制+高额提成）底薪4000-6200，月综合薪资10k-20k（销冠月薪3w+）\r\n2.试用期100%全薪发放，不打折，温饱问题无需担忧!\r\n3.完善的内部晋升机制，一年4次【透明化】晋升调薪机会，让你无惧未来，闪闪发光~\r\n4.每天公司都会安排下午茶，不仅喂饱你的身体，还能养活你的灵魂；\r\n5.这里的团队氛围超级nice，不定期的团建基金+节假日礼物+企业文化活动，平时扁平化管理，无需担心内卷，公司团队年轻化！沟通无压力！\r\n6.带薪年假+法定节假日+各种补贴(餐补、话补、工龄)+每天2.5小时中场休息，让你养精蓄锐，放飞自我\r\n【来这里带给你的优势】\r\n1.客户资源：四大资源渠道免费用，让你坐在5A级办公区独享资源；公司投入大量推广资金，获取意向客户资源；不需要出去跑，不需要打陌生电话，不需要陌拜，公司每日至少分配两条有效客户线索.\r\n2.品牌市场：近20年知名互联网品牌，市场份额占比大，强大的品牌实力，让你信心百倍；\r\n3.带薪培训：专业的岗前训帮助你快速了解公司，入组后的师徒帮带制，主管带你一起飞，只需5-7天即可开单；\r\n4.发展路径清晰：商务—组长—销售主管—储备经理—销售经理—销售总监\r\n岗位经验：\r\n【我们需要你做的事】\r\n1、前期通过电话与客户进行有效沟通了解客户需求和时间, 寻找销售机会邀约到公司进行面谈，商务谈判，前期我们的技术总监也会帮忙谈单哦\r\n2、把握客户需求，根据客户需求制定报价方案，促使签单；\r\n3、定期与客户进行沟通，维护老客户，建立良好的长期合作关系，做好老客户增值和续费工作\r\n4、接待来访客户，执行公司销售策略\r\n【我们需要这样的你】\r\n1.一年以上销售行业工作经验，互联网+b端，熟悉市场营销工作；\r\n2.坦诚自信，乐观进取，高度的工作热情；\r\n3.有良好的团队合作精神，有敬业精神；\r\n4.具有独立的分析和解决问题的能力；\r\n5.良好的沟通技巧和说服能力，能承受较大的工作压力；\r\n6.大专及以上学历，市场营销、电子商务或计算机等专业优先。', '具备良好的沟通和市场分析能力', '西安雁塔区华为西安研究所锦业路127号', '2024-06-20', 18000, 12000, 1, '产品');
INSERT INTO `job_posting` VALUES (53, 4, '数据分析师', '职位描述：\r\n同行业经验优先录取~（APP,小程序，软件开发）商务专员/客户经理\r\n岗位福利：\r\n【你最关心的薪资福利】\r\n1.（浮动底薪制+高额提成）底薪4000-6200，月综合薪资10k-20k（销冠月薪3w+）\r\n2.试用期100%全薪发放，不打折，温饱问题无需担忧!\r\n3.完善的内部晋升机制，一年4次【透明化】晋升调薪机会，让你无惧未来，闪闪发光~\r\n4.每天公司都会安排下午茶，不仅喂饱你的身体，还能养活你的灵魂；\r\n5.这里的团队氛围超级nice，不定期的团建基金+节假日礼物+企业文化活动，平时扁平化管理，无需担心内卷，公司团队年轻化！沟通无压力！\r\n6.带薪年假+法定节假日+各种补贴(餐补、话补、工龄)+每天2.5小时中场休息，让你养精蓄锐，放飞自我\r\n【来这里带给你的优势】\r\n1.客户资源：四大资源渠道免费用，让你坐在5A级办公区独享资源；公司投入大量推广资金，获取意向客户资源；不需要出去跑，不需要打陌生电话，不需要陌拜，公司每日至少分配两条有效客户线索.\r\n2.品牌市场：近20年知名互联网品牌，市场份额占比大，强大的品牌实力，让你信心百倍；\r\n3.带薪培训：专业的岗前训帮助你快速了解公司，入组后的师徒帮带制，主管带你一起飞，只需5-7天即可开单；\r\n4.发展路径清晰：商务—组长—销售主管—储备经理—销售经理—销售总监\r\n岗位经验：\r\n【我们需要你做的事】\r\n1、前期通过电话与客户进行有效沟通了解客户需求和时间, 寻找销售机会邀约到公司进行面谈，商务谈判，前期我们的技术总监也会帮忙谈单哦\r\n2、把握客户需求，根据客户需求制定报价方案，促使签单；\r\n3、定期与客户进行沟通，维护老客户，建立良好的长期合作关系，做好老客户增值和续费工作\r\n4、接待来访客户，执行公司销售策略\r\n【我们需要这样的你】\r\n1.一年以上销售行业工作经验，互联网+b端，熟悉市场营销工作；\r\n2.坦诚自信，乐观进取，高度的工作热情；\r\n3.有良好的团队合作精神，有敬业精神；\r\n4.具有独立的分析和解决问题的能力；\r\n5.良好的沟通技巧和说服能力，能承受较大的工作压力；\r\n6.大专及以上学历，市场营销、电子商务或计算机等专业优先。', '熟悉数据分析工具,统计学知识扎实', '深圳南山区腾讯大厦', '2024-06-19', 25000, 20000, 1, '客服/运营');
INSERT INTO `job_posting` VALUES (54, 4, '产品经理', '职位描述：\r\n同行业经验优先录取~（APP,小程序，软件开发）商务专员/客户经理\r\n岗位福利：\r\n【你最关心的薪资福利】\r\n1.（浮动底薪制+高额提成）底薪4000-6200，月综合薪资10k-20k（销冠月薪3w+）\r\n2.试用期100%全薪发放，不打折，温饱问题无需担忧!\r\n3.完善的内部晋升机制，一年4次【透明化】晋升调薪机会，让你无惧未来，闪闪发光~\r\n4.每天公司都会安排下午茶，不仅喂饱你的身体，还能养活你的灵魂；\r\n5.这里的团队氛围超级nice，不定期的团建基金+节假日礼物+企业文化活动，平时扁平化管理，无需担心内卷，公司团队年轻化！沟通无压力！\r\n6.带薪年假+法定节假日+各种补贴(餐补、话补、工龄)+每天2.5小时中场休息，让你养精蓄锐，放飞自我\r\n【来这里带给你的优势】\r\n1.客户资源：四大资源渠道免费用，让你坐在5A级办公区独享资源；公司投入大量推广资金，获取意向客户资源；不需要出去跑，不需要打陌生电话，不需要陌拜，公司每日至少分配两条有效客户线索.\r\n2.品牌市场：近20年知名互联网品牌，市场份额占比大，强大的品牌实力，让你信心百倍；\r\n3.带薪培训：专业的岗前训帮助你快速了解公司，入组后的师徒帮带制，主管带你一起飞，只需5-7天即可开单；\r\n4.发展路径清晰：商务—组长—销售主管—储备经理—销售经理—销售总监\r\n岗位经验：\r\n【我们需要你做的事】\r\n1、前期通过电话与客户进行有效沟通了解客户需求和时间, 寻找销售机会邀约到公司进行面谈，商务谈判，前期我们的技术总监也会帮忙谈单哦\r\n2、把握客户需求，根据客户需求制定报价方案，促使签单；\r\n3、定期与客户进行沟通，维护老客户，建立良好的长期合作关系，做好老客户增值和续费工作\r\n4、接待来访客户，执行公司销售策略\r\n【我们需要这样的你】\r\n1.一年以上销售行业工作经验，互联网+b端，熟悉市场营销工作；\r\n2.坦诚自信，乐观进取，高度的工作热情；\r\n3.有良好的团队合作精神，有敬业精神；\r\n4.具有独立的分析和解决问题的能力；\r\n5.良好的沟通技巧和说服能力，能承受较大的工作压力；\r\n6.大专及以上学历，市场营销、电子商务或计算机等专业优先。', '有丰富的产品经验,良好的团队协作能力', '郑州二七区亚星时代广场15楼1501号', '2024-06-22', 30000, 20000, 1, '销售');
INSERT INTO `job_posting` VALUES (55, 4, 'UI 设计师', '职位描述：\r\n同行业经验优先录取~（APP,小程序，软件开发）商务专员/客户经理\r\n岗位福利：\r\n【你最关心的薪资福利】\r\n1.（浮动底薪制+高额提成）底薪4000-6200，月综合薪资10k-20k（销冠月薪3w+）\r\n2.试用期100%全薪发放，不打折，温饱问题无需担忧!\r\n3.完善的内部晋升机制，一年4次【透明化】晋升调薪机会，让你无惧未来，闪闪发光~\r\n4.每天公司都会安排下午茶，不仅喂饱你的身体，还能养活你的灵魂；\r\n5.这里的团队氛围超级nice，不定期的团建基金+节假日礼物+企业文化活动，平时扁平化管理，无需担心内卷，公司团队年轻化！沟通无压力！\r\n6.带薪年假+法定节假日+各种补贴(餐补、话补、工龄)+每天2.5小时中场休息，让你养精蓄锐，放飞自我\r\n【来这里带给你的优势】\r\n1.客户资源：四大资源渠道免费用，让你坐在5A级办公区独享资源；公司投入大量推广资金，获取意向客户资源；不需要出去跑，不需要打陌生电话，不需要陌拜，公司每日至少分配两条有效客户线索.\r\n2.品牌市场：近20年知名互联网品牌，市场份额占比大，强大的品牌实力，让你信心百倍；\r\n3.带薪培训：专业的岗前训帮助你快速了解公司，入组后的师徒帮带制，主管带你一起飞，只需5-7天即可开单；\r\n4.发展路径清晰：商务—组长—销售主管—储备经理—销售经理—销售总监\r\n岗位经验：\r\n【我们需要你做的事】\r\n1、前期通过电话与客户进行有效沟通了解客户需求和时间, 寻找销售机会邀约到公司进行面谈，商务谈判，前期我们的技术总监也会帮忙谈单哦\r\n2、把握客户需求，根据客户需求制定报价方案，促使签单；\r\n3、定期与客户进行沟通，维护老客户，建立良好的长期合作关系，做好老客户增值和续费工作\r\n4、接待来访客户，执行公司销售策略\r\n【我们需要这样的你】\r\n1.一年以上销售行业工作经验，互联网+b端，熟悉市场营销工作；\r\n2.坦诚自信，乐观进取，高度的工作热情；\r\n3.有良好的团队合作精神，有敬业精神；\r\n4.具有独立的分析和解决问题的能力；\r\n5.良好的沟通技巧和说服能力，能承受较大的工作压力；\r\n6.大专及以上学历，市场营销、电子商务或计算机等专业优先。', '熟练使用设计工,有创新思维', '郑州金水区卫华大厦13层', '2024-06-18', 15000, 10000, 1, '人力/行政');
INSERT INTO `job_posting` VALUES (56, 4, '人力资源专员', '职位描述：\r\n同行业经验优先录取~（APP,小程序，软件开发）商务专员/客户经理\r\n岗位福利：\r\n【你最关心的薪资福利】\r\n1.（浮动底薪制+高额提成）底薪4000-6200，月综合薪资10k-20k（销冠月薪3w+）\r\n2.试用期100%全薪发放，不打折，温饱问题无需担忧!\r\n3.完善的内部晋升机制，一年4次【透明化】晋升调薪机会，让你无惧未来，闪闪发光~\r\n4.每天公司都会安排下午茶，不仅喂饱你的身体，还能养活你的灵魂；\r\n5.这里的团队氛围超级nice，不定期的团建基金+节假日礼物+企业文化活动，平时扁平化管理，无需担心内卷，公司团队年轻化！沟通无压力！\r\n6.带薪年假+法定节假日+各种补贴(餐补、话补、工龄)+每天2.5小时中场休息，让你养精蓄锐，放飞自我\r\n【来这里带给你的优势】\r\n1.客户资源：四大资源渠道免费用，让你坐在5A级办公区独享资源；公司投入大量推广资金，获取意向客户资源；不需要出去跑，不需要打陌生电话，不需要陌拜，公司每日至少分配两条有效客户线索.\r\n2.品牌市场：近20年知名互联网品牌，市场份额占比大，强大的品牌实力，让你信心百倍；\r\n3.带薪培训：专业的岗前训帮助你快速了解公司，入组后的师徒帮带制，主管带你一起飞，只需5-7天即可开单；\r\n4.发展路径清晰：商务—组长—销售主管—储备经理—销售经理—销售总监\r\n岗位经验：\r\n【我们需要你做的事】\r\n1、前期通过电话与客户进行有效沟通了解客户需求和时间, 寻找销售机会邀约到公司进行面谈，商务谈判，前期我们的技术总监也会帮忙谈单哦\r\n2、把握客户需求，根据客户需求制定报价方案，促使签单；\r\n3、定期与客户进行沟通，维护老客户，建立良好的长期合作关系，做好老客户增值和续费工作\r\n4、接待来访客户，执行公司销售策略\r\n【我们需要这样的你】\r\n1.一年以上销售行业工作经验，互联网+b端，熟悉市场营销工作；\r\n2.坦诚自信，乐观进取，高度的工作热情；\r\n3.有良好的团队合作精神，有敬业精神；\r\n4.具有独立的分析和解决问题的能力；\r\n5.良好的沟通技巧和说服能力，能承受较大的工作压力；\r\n6.大专及以上学历，市场营销、电子商务或计算机等专业优先。', '熟悉人力资源流程,沟通能力强', '西安雁塔区华为西安研究所锦业路127号', '2024-06-23', 12000, 8000, 1, '财物/审计');
INSERT INTO `job_posting` VALUES (57, 4, '财务会计', '职位描述：\r\n同行业经验优先录取~（APP,小程序，软件开发）商务专员/客户经理\r\n岗位福利：\r\n【你最关心的薪资福利】\r\n1.（浮动底薪制+高额提成）底薪4000-6200，月综合薪资10k-20k（销冠月薪3w+）\r\n2.试用期100%全薪发放，不打折，温饱问题无需担忧!\r\n3.完善的内部晋升机制，一年4次【透明化】晋升调薪机会，让你无惧未来，闪闪发光~\r\n4.每天公司都会安排下午茶，不仅喂饱你的身体，还能养活你的灵魂；\r\n5.这里的团队氛围超级nice，不定期的团建基金+节假日礼物+企业文化活动，平时扁平化管理，无需担心内卷，公司团队年轻化！沟通无压力！\r\n6.带薪年假+法定节假日+各种补贴(餐补、话补、工龄)+每天2.5小时中场休息，让你养精蓄锐，放飞自我\r\n【来这里带给你的优势】\r\n1.客户资源：四大资源渠道免费用，让你坐在5A级办公区独享资源；公司投入大量推广资金，获取意向客户资源；不需要出去跑，不需要打陌生电话，不需要陌拜，公司每日至少分配两条有效客户线索.\r\n2.品牌市场：近20年知名互联网品牌，市场份额占比大，强大的品牌实力，让你信心百倍；\r\n3.带薪培训：专业的岗前训帮助你快速了解公司，入组后的师徒帮带制，主管带你一起飞，只需5-7天即可开单；\r\n4.发展路径清晰：商务—组长—销售主管—储备经理—销售经理—销售总监\r\n岗位经验：\r\n【我们需要你做的事】\r\n1、前期通过电话与客户进行有效沟通了解客户需求和时间, 寻找销售机会邀约到公司进行面谈，商务谈判，前期我们的技术总监也会帮忙谈单哦\r\n2、把握客户需求，根据客户需求制定报价方案，促使签单；\r\n3、定期与客户进行沟通，维护老客户，建立良好的长期合作关系，做好老客户增值和续费工作\r\n4、接待来访客户，执行公司销售策略\r\n【我们需要这样的你】\r\n1.一年以上销售行业工作经验，互联网+b端，熟悉市场营销工作；\r\n2.坦诚自信，乐观进取，高度的工作热情；\r\n3.有良好的团队合作精神，有敬业精神；\r\n4.具有独立的分析和解决问题的能力；\r\n5.良好的沟通技巧和说服能力，能承受较大的工作压力；\r\n6.大专及以上学历，市场营销、电子商务或计算机等专业优先。', '财务专业知识扎实,细心负责', '深圳南山区腾讯大厦', '2024-06-17', 10000, 7000, 1, '生产制造');
INSERT INTO `job_posting` VALUES (58, 4, '销售代表', '职位描述：\r\n同行业经验优先录取~（APP,小程序，软件开发）商务专员/客户经理\r\n岗位福利：\r\n【你最关心的薪资福利】\r\n1.（浮动底薪制+高额提成）底薪4000-6200，月综合薪资10k-20k（销冠月薪3w+）\r\n2.试用期100%全薪发放，不打折，温饱问题无需担忧!\r\n3.完善的内部晋升机制，一年4次【透明化】晋升调薪机会，让你无惧未来，闪闪发光~\r\n4.每天公司都会安排下午茶，不仅喂饱你的身体，还能养活你的灵魂；\r\n5.这里的团队氛围超级nice，不定期的团建基金+节假日礼物+企业文化活动，平时扁平化管理，无需担心内卷，公司团队年轻化！沟通无压力！\r\n6.带薪年假+法定节假日+各种补贴(餐补、话补、工龄)+每天2.5小时中场休息，让你养精蓄锐，放飞自我\r\n【来这里带给你的优势】\r\n1.客户资源：四大资源渠道免费用，让你坐在5A级办公区独享资源；公司投入大量推广资金，获取意向客户资源；不需要出去跑，不需要打陌生电话，不需要陌拜，公司每日至少分配两条有效客户线索.\r\n2.品牌市场：近20年知名互联网品牌，市场份额占比大，强大的品牌实力，让你信心百倍；\r\n3.带薪培训：专业的岗前训帮助你快速了解公司，入组后的师徒帮带制，主管带你一起飞，只需5-7天即可开单；\r\n4.发展路径清晰：商务—组长—销售主管—储备经理—销售经理—销售总监\r\n岗位经验：\r\n【我们需要你做的事】\r\n1、前期通过电话与客户进行有效沟通了解客户需求和时间, 寻找销售机会邀约到公司进行面谈，商务谈判，前期我们的技术总监也会帮忙谈单哦\r\n2、把握客户需求，根据客户需求制定报价方案，促使签单；\r\n3、定期与客户进行沟通，维护老客户，建立良好的长期合作关系，做好老客户增值和续费工作\r\n4、接待来访客户，执行公司销售策略\r\n【我们需要这样的你】\r\n1.一年以上销售行业工作经验，互联网+b端，熟悉市场营销工作；\r\n2.坦诚自信，乐观进取，高度的工作热情；\r\n3.有良好的团队合作精神，有敬业精神；\r\n4.具有独立的分析和解决问题的能力；\r\n5.良好的沟通技巧和说服能力，能承受较大的工作压力；\r\n6.大专及以上学历，市场营销、电子商务或计算机等专业优先。', '有销售经验,抗压能力强', '郑州二七区亚星时代广场15楼1501号', '2024-06-16', 18000, 10000, 1, '零售/生活服务');
INSERT INTO `job_posting` VALUES (59, 4, '运维工程师', '职位描述：\r\n同行业经验优先录取~（APP,小程序，软件开发）商务专员/客户经理\r\n岗位福利：\r\n【你最关心的薪资福利】\r\n1.（浮动底薪制+高额提成）底薪4000-6200，月综合薪资10k-20k（销冠月薪3w+）\r\n2.试用期100%全薪发放，不打折，温饱问题无需担忧!\r\n3.完善的内部晋升机制，一年4次【透明化】晋升调薪机会，让你无惧未来，闪闪发光~\r\n4.每天公司都会安排下午茶，不仅喂饱你的身体，还能养活你的灵魂；\r\n5.这里的团队氛围超级nice，不定期的团建基金+节假日礼物+企业文化活动，平时扁平化管理，无需担心内卷，公司团队年轻化！沟通无压力！\r\n6.带薪年假+法定节假日+各种补贴(餐补、话补、工龄)+每天2.5小时中场休息，让你养精蓄锐，放飞自我\r\n【来这里带给你的优势】\r\n1.客户资源：四大资源渠道免费用，让你坐在5A级办公区独享资源；公司投入大量推广资金，获取意向客户资源；不需要出去跑，不需要打陌生电话，不需要陌拜，公司每日至少分配两条有效客户线索.\r\n2.品牌市场：近20年知名互联网品牌，市场份额占比大，强大的品牌实力，让你信心百倍；\r\n3.带薪培训：专业的岗前训帮助你快速了解公司，入组后的师徒帮带制，主管带你一起飞，只需5-7天即可开单；\r\n4.发展路径清晰：商务—组长—销售主管—储备经理—销售经理—销售总监\r\n岗位经验：\r\n【我们需要你做的事】\r\n1、前期通过电话与客户进行有效沟通了解客户需求和时间, 寻找销售机会邀约到公司进行面谈，商务谈判，前期我们的技术总监也会帮忙谈单哦\r\n2、把握客户需求，根据客户需求制定报价方案，促使签单；\r\n3、定期与客户进行沟通，维护老客户，建立良好的长期合作关系，做好老客户增值和续费工作\r\n4、接待来访客户，执行公司销售策略\r\n【我们需要这样的你】\r\n1.一年以上销售行业工作经验，互联网+b端，熟悉市场营销工作；\r\n2.坦诚自信，乐观进取，高度的工作热情；\r\n3.有良好的团队合作精神，有敬业精神；\r\n4.具有独立的分析和解决问题的能力；\r\n5.良好的沟通技巧和说服能力，能承受较大的工作压力；\r\n6.大专及以上学历，市场营销、电子商务或计算机等专业优先。', '熟悉服务器运维,解决技术问题', '郑州金水区卫华大厦13层', '2024-06-15', 16000, 12000, 1, '餐饮');
INSERT INTO `job_posting` VALUES (60, 4, '测试工程师', '职位描述：\r\n同行业经验优先录取~（APP,小程序，软件开发）商务专员/客户经理\r\n岗位福利：\r\n【你最关心的薪资福利】\r\n1.（浮动底薪制+高额提成）底薪4000-6200，月综合薪资10k-20k（销冠月薪3w+）\r\n2.试用期100%全薪发放，不打折，温饱问题无需担忧!\r\n3.完善的内部晋升机制，一年4次【透明化】晋升调薪机会，让你无惧未来，闪闪发光~\r\n4.每天公司都会安排下午茶，不仅喂饱你的身体，还能养活你的灵魂；\r\n5.这里的团队氛围超级nice，不定期的团建基金+节假日礼物+企业文化活动，平时扁平化管理，无需担心内卷，公司团队年轻化！沟通无压力！\r\n6.带薪年假+法定节假日+各种补贴(餐补、话补、工龄)+每天2.5小时中场休息，让你养精蓄锐，放飞自我\r\n【来这里带给你的优势】\r\n1.客户资源：四大资源渠道免费用，让你坐在5A级办公区独享资源；公司投入大量推广资金，获取意向客户资源；不需要出去跑，不需要打陌生电话，不需要陌拜，公司每日至少分配两条有效客户线索.\r\n2.品牌市场：近20年知名互联网品牌，市场份额占比大，强大的品牌实力，让你信心百倍；\r\n3.带薪培训：专业的岗前训帮助你快速了解公司，入组后的师徒帮带制，主管带你一起飞，只需5-7天即可开单；\r\n4.发展路径清晰：商务—组长—销售主管—储备经理—销售经理—销售总监\r\n岗位经验：\r\n【我们需要你做的事】\r\n1、前期通过电话与客户进行有效沟通了解客户需求和时间, 寻找销售机会邀约到公司进行面谈，商务谈判，前期我们的技术总监也会帮忙谈单哦\r\n2、把握客户需求，根据客户需求制定报价方案，促使签单；\r\n3、定期与客户进行沟通，维护老客户，建立良好的长期合作关系，做好老客户增值和续费工作\r\n4、接待来访客户，执行公司销售策略\r\n【我们需要这样的你】\r\n1.一年以上销售行业工作经验，互联网+b端，熟悉市场营销工作；\r\n2.坦诚自信，乐观进取，高度的工作热情；\r\n3.有良好的团队合作精神，有敬业精神；\r\n4.具有独立的分析和解决问题的能力；\r\n5.良好的沟通技巧和说服能力，能承受较大的工作压力；\r\n6.大专及以上学历，市场营销、电子商务或计算机等专业优先。', '掌握测试方法和工具', '西安雁塔区华为西安研究所锦业路127号', '2024-06-14', 13000, 9000, 1, '酒店/旅游');
INSERT INTO `job_posting` VALUES (61, 4, '文案策划', '职位描述：\r\n同行业经验优先录取~（APP,小程序，软件开发）商务专员/客户经理\r\n岗位福利：\r\n【你最关心的薪资福利】\r\n1.（浮动底薪制+高额提成）底薪4000-6200，月综合薪资10k-20k（销冠月薪3w+）\r\n2.试用期100%全薪发放，不打折，温饱问题无需担忧!\r\n3.完善的内部晋升机制，一年4次【透明化】晋升调薪机会，让你无惧未来，闪闪发光~\r\n4.每天公司都会安排下午茶，不仅喂饱你的身体，还能养活你的灵魂；\r\n5.这里的团队氛围超级nice，不定期的团建基金+节假日礼物+企业文化活动，平时扁平化管理，无需担心内卷，公司团队年轻化！沟通无压力！\r\n6.带薪年假+法定节假日+各种补贴(餐补、话补、工龄)+每天2.5小时中场休息，让你养精蓄锐，放飞自我\r\n【来这里带给你的优势】\r\n1.客户资源：四大资源渠道免费用，让你坐在5A级办公区独享资源；公司投入大量推广资金，获取意向客户资源；不需要出去跑，不需要打陌生电话，不需要陌拜，公司每日至少分配两条有效客户线索.\r\n2.品牌市场：近20年知名互联网品牌，市场份额占比大，强大的品牌实力，让你信心百倍；\r\n3.带薪培训：专业的岗前训帮助你快速了解公司，入组后的师徒帮带制，主管带你一起飞，只需5-7天即可开单；\r\n4.发展路径清晰：商务—组长—销售主管—储备经理—销售经理—销售总监\r\n岗位经验：\r\n【我们需要你做的事】\r\n1、前期通过电话与客户进行有效沟通了解客户需求和时间, 寻找销售机会邀约到公司进行面谈，商务谈判，前期我们的技术总监也会帮忙谈单哦\r\n2、把握客户需求，根据客户需求制定报价方案，促使签单；\r\n3、定期与客户进行沟通，维护老客户，建立良好的长期合作关系，做好老客户增值和续费工作\r\n4、接待来访客户，执行公司销售策略\r\n【我们需要这样的你】\r\n1.一年以上销售行业工作经验，互联网+b端，熟悉市场营销工作；\r\n2.坦诚自信，乐观进取，高度的工作热情；\r\n3.有良好的团队合作精神，有敬业精神；\r\n4.具有独立的分析和解决问题的能力；\r\n5.良好的沟通技巧和说服能力，能承受较大的工作压力；\r\n6.大专及以上学历，市场营销、电子商务或计算机等专业优先。', '文字功底好,创意丰富', '深圳南山区腾讯大厦', '2024-06-13', 11000, 8000, 1, '教育培训');
INSERT INTO `job_posting` VALUES (62, 4, '行政助理', '职位描述：\r\n同行业经验优先录取~（APP,小程序，软件开发）商务专员/客户经理\r\n岗位福利：\r\n【你最关心的薪资福利】\r\n1.（浮动底薪制+高额提成）底薪4000-6200，月综合薪资10k-20k（销冠月薪3w+）\r\n2.试用期100%全薪发放，不打折，温饱问题无需担忧!\r\n3.完善的内部晋升机制，一年4次【透明化】晋升调薪机会，让你无惧未来，闪闪发光~\r\n4.每天公司都会安排下午茶，不仅喂饱你的身体，还能养活你的灵魂；\r\n5.这里的团队氛围超级nice，不定期的团建基金+节假日礼物+企业文化活动，平时扁平化管理，无需担心内卷，公司团队年轻化！沟通无压力！\r\n6.带薪年假+法定节假日+各种补贴(餐补、话补、工龄)+每天2.5小时中场休息，让你养精蓄锐，放飞自我\r\n【来这里带给你的优势】\r\n1.客户资源：四大资源渠道免费用，让你坐在5A级办公区独享资源；公司投入大量推广资金，获取意向客户资源；不需要出去跑，不需要打陌生电话，不需要陌拜，公司每日至少分配两条有效客户线索.\r\n2.品牌市场：近20年知名互联网品牌，市场份额占比大，强大的品牌实力，让你信心百倍；\r\n3.带薪培训：专业的岗前训帮助你快速了解公司，入组后的师徒帮带制，主管带你一起飞，只需5-7天即可开单；\r\n4.发展路径清晰：商务—组长—销售主管—储备经理—销售经理—销售总监\r\n岗位经验：\r\n【我们需要你做的事】\r\n1、前期通过电话与客户进行有效沟通了解客户需求和时间, 寻找销售机会邀约到公司进行面谈，商务谈判，前期我们的技术总监也会帮忙谈单哦\r\n2、把握客户需求，根据客户需求制定报价方案，促使签单；\r\n3、定期与客户进行沟通，维护老客户，建立良好的长期合作关系，做好老客户增值和续费工作\r\n4、接待来访客户，执行公司销售策略\r\n【我们需要这样的你】\r\n1.一年以上销售行业工作经验，互联网+b端，熟悉市场营销工作；\r\n2.坦诚自信，乐观进取，高度的工作热情；\r\n3.有良好的团队合作精神，有敬业精神；\r\n4.具有独立的分析和解决问题的能力；\r\n5.良好的沟通技巧和说服能力，能承受较大的工作压力；\r\n6.大专及以上学历，市场营销、电子商务或计算机等专业优先。', '工作认真细致,有条理', '青岛郑州二七区亚星时代广场15楼1501号\r\n郑州金水区卫华大厦13层\r\n西安雁塔区华为西安研究所锦业路127号\r\n深圳南山区腾讯大厦', '2024-06-12', 8000, 6000, 1, '医疗健康');
INSERT INTO `job_posting` VALUES (63, 4, '客服专员', '3.带薪培训：专业的岗前训帮助你快速了解公司，入组后的师徒帮带制，主管带你一起飞，只需5-7天即可开单；', '有耐心,良好的沟通技巧', '青岛郑州二七区亚星时代广场15楼1501号\r\n郑州金水区卫华大厦13层\r\n西安雁塔区华为西安研究所锦业路127号\r\n深圳南山区腾讯大厦', '2024-06-11', 7000, 5000, 1, '物流/存储/司机');
INSERT INTO `job_posting` VALUES (64, 3, '兼职公路工程师二级建造师', '职位描述：\r\n同行业经验优先录取~（APP,小程序，软件开发）商务专员/客户经理\r\n岗位福利：\r\n【你最关心的薪资福利】\r\n1.（浮动底薪制+高额提成）底薪4000-6200，月综合薪资10k-20k（销冠月薪3w+）\r\n2.试用期100%全薪发放，不打折，温饱问题无需担忧!\r\n3.完善的内部晋升机制，一年4次【透明化】晋升调薪机会，让你无惧未来，闪闪发光~\r\n4.每天公司都会安排下午茶，不仅喂饱你的身体，还能养活你的灵魂；\r\n5.这里的团队氛围超级nice，不定期的团建基金+节假日礼物+企业文化活动，平时扁平化管理，无需担心内卷，公司团队年轻化！沟通无压力！\r\n6.带薪年假+法定节假日+各种补贴(餐补、话补、工龄)+每天2.5小时中场休息，让你养精蓄锐，放飞自我\r\n【来这里带给你的优势】\r\n1.客户资源：四大资源渠道免费用，让你坐在5A级办公区独享资源；公司投入大量推广资金，获取意向客户资源；不需要出去跑，不需要打陌生电话，不需要陌拜，公司每日至少分配两条有效客户线索.\r\n2.品牌市场：近20年知名互联网品牌，市场份额占比大，强大的品牌实力，让你信心百倍；\r\n3.带薪培训：专业的岗前训帮助你快速了解公司，入组后的师徒帮带制，主管带你一起飞，只需5-7天即可开单；\r\n4.发展路径清晰：商务—组长—销售主管—储备经理—销售经理—销售总监\r\n岗位经验：\r\n【我们需要你做的事】\r\n1、前期通过电话与客户进行有效沟通了解客户需求和时间, 寻找销售机会邀约到公司进行面谈，商务谈判，前期我们的技术总监也会帮忙谈单哦\r\n2、把握客户需求，根据客户需求制定报价方案，促使签单；\r\n3、定期与客户进行沟通，维护老客户，建立良好的长期合作关系，做好老客户增值和续费工作\r\n4、接待来访客户，执行公司销售策略\r\n【我们需要这样的你】\r\n1.一年以上销售行业工作经验，互联网+b端，熟悉市场营销工作；\r\n2.坦诚自信，乐观进取，高度的工作热情；\r\n3.有良好的团队合作精神，有敬业精神；\r\n4.具有独立的分析和解决问题的能力；\r\n5.良好的沟通技巧和说服能力，能承受较大的工作压力；\r\n6.大专及以上学历，市场营销、电子商务或计算机等专业优先。', '学历不限,经验不限,五险一金', '郑州二七区亚星时代广场15楼1501号', '2024-06-30', 8000, 3000, 1, '互联网AI');
INSERT INTO `job_posting` VALUES (65, 3, '软件工程师', '职位描述：\r\n同行业经验优先录取~（APP,小程序，软件开发）商务专员/客户经理\r\n岗位福利：\r\n【你最关心的薪资福利】\r\n1.（浮动底薪制+高额提成）底薪4000-6200，月综合薪资10k-20k（销冠月薪3w+）\r\n2.试用期100%全薪发放，不打折，温饱问题无需担忧!\r\n3.完善的内部晋升机制，一年4次【透明化】晋升调薪机会，让你无惧未来，闪闪发光~\r\n4.每天公司都会安排下午茶，不仅喂饱你的身体，还能养活你的灵魂；\r\n5.这里的团队氛围超级nice，不定期的团建基金+节假日礼物+企业文化活动，平时扁平化管理，无需担心内卷，公司团队年轻化！沟通无压力！\r\n6.带薪年假+法定节假日+各种补贴(餐补、话补、工龄)+每天2.5小时中场休息，让你养精蓄锐，放飞自我\r\n【来这里带给你的优势】\r\n1.客户资源：四大资源渠道免费用，让你坐在5A级办公区独享资源；公司投入大量推广资金，获取意向客户资源；不需要出去跑，不需要打陌生电话，不需要陌拜，公司每日至少分配两条有效客户线索.\r\n2.品牌市场：近20年知名互联网品牌，市场份额占比大，强大的品牌实力，让你信心百倍；\r\n3.带薪培训：专业的岗前训帮助你快速了解公司，入组后的师徒帮带制，主管带你一起飞，只需5-7天即可开单；\r\n4.发展路径清晰：商务—组长—销售主管—储备经理—销售经理—销售总监\r\n岗位经验：\r\n【我们需要你做的事】\r\n1、前期通过电话与客户进行有效沟通了解客户需求和时间, 寻找销售机会邀约到公司进行面谈，商务谈判，前期我们的技术总监也会帮忙谈单哦\r\n2、把握客户需求，根据客户需求制定报价方案，促使签单；\r\n3、定期与客户进行沟通，维护老客户，建立良好的长期合作关系，做好老客户增值和续费工作\r\n4、接待来访客户，执行公司销售策略\r\n【我们需要这样的你】\r\n1.一年以上销售行业工作经验，互联网+b端，熟悉市场营销工作；\r\n2.坦诚自信，乐观进取，高度的工作热情；\r\n3.有良好的团队合作精神，有敬业精神；\r\n4.具有独立的分析和解决问题的能力；\r\n5.良好的沟通技巧和说服能力，能承受较大的工作压力；\r\n6.大专及以上学历，市场营销、电子商务或计算机等专业优先。', '熟练掌握 Java、Python 等编程语言,有相关项目经验', '郑州金水区卫华大厦13层', '2024-06-21', 20000, 15000, 1, '电子/电气/通信');
INSERT INTO `job_posting` VALUES (66, 3, '市场营销专员', '职位描述：\r\n同行业经验优先录取~（APP,小程序，软件开发）商务专员/客户经理\r\n岗位福利：\r\n【你最关心的薪资福利】\r\n1.（浮动底薪制+高额提成）底薪4000-6200，月综合薪资10k-20k（销冠月薪3w+）\r\n2.试用期100%全薪发放，不打折，温饱问题无需担忧!\r\n3.完善的内部晋升机制，一年4次【透明化】晋升调薪机会，让你无惧未来，闪闪发光~\r\n4.每天公司都会安排下午茶，不仅喂饱你的身体，还能养活你的灵魂；\r\n5.这里的团队氛围超级nice，不定期的团建基金+节假日礼物+企业文化活动，平时扁平化管理，无需担心内卷，公司团队年轻化！沟通无压力！\r\n6.带薪年假+法定节假日+各种补贴(餐补、话补、工龄)+每天2.5小时中场休息，让你养精蓄锐，放飞自我\r\n【来这里带给你的优势】\r\n1.客户资源：四大资源渠道免费用，让你坐在5A级办公区独享资源；公司投入大量推广资金，获取意向客户资源；不需要出去跑，不需要打陌生电话，不需要陌拜，公司每日至少分配两条有效客户线索.\r\n2.品牌市场：近20年知名互联网品牌，市场份额占比大，强大的品牌实力，让你信心百倍；\r\n3.带薪培训：专业的岗前训帮助你快速了解公司，入组后的师徒帮带制，主管带你一起飞，只需5-7天即可开单；\r\n4.发展路径清晰：商务—组长—销售主管—储备经理—销售经理—销售总监\r\n岗位经验：\r\n【我们需要你做的事】\r\n1、前期通过电话与客户进行有效沟通了解客户需求和时间, 寻找销售机会邀约到公司进行面谈，商务谈判，前期我们的技术总监也会帮忙谈单哦\r\n2、把握客户需求，根据客户需求制定报价方案，促使签单；\r\n3、定期与客户进行沟通，维护老客户，建立良好的长期合作关系，做好老客户增值和续费工作\r\n4、接待来访客户，执行公司销售策略\r\n【我们需要这样的你】\r\n1.一年以上销售行业工作经验，互联网+b端，熟悉市场营销工作；\r\n2.坦诚自信，乐观进取，高度的工作热情；\r\n3.有良好的团队合作精神，有敬业精神；\r\n4.具有独立的分析和解决问题的能力；\r\n5.良好的沟通技巧和说服能力，能承受较大的工作压力；\r\n6.大专及以上学历，市场营销、电子商务或计算机等专业优先。', '具备良好的沟通和市场分析能力', '西安雁塔区华为西安研究所锦业路127号', '2024-06-20', 18000, 12000, 1, '产品');
INSERT INTO `job_posting` VALUES (67, 3, '数据分析师', '职位描述：\r\n同行业经验优先录取~（APP,小程序，软件开发）商务专员/客户经理\r\n岗位福利：\r\n【你最关心的薪资福利】\r\n1.（浮动底薪制+高额提成）底薪4000-6200，月综合薪资10k-20k（销冠月薪3w+）\r\n2.试用期100%全薪发放，不打折，温饱问题无需担忧!\r\n3.完善的内部晋升机制，一年4次【透明化】晋升调薪机会，让你无惧未来，闪闪发光~\r\n4.每天公司都会安排下午茶，不仅喂饱你的身体，还能养活你的灵魂；\r\n5.这里的团队氛围超级nice，不定期的团建基金+节假日礼物+企业文化活动，平时扁平化管理，无需担心内卷，公司团队年轻化！沟通无压力！\r\n6.带薪年假+法定节假日+各种补贴(餐补、话补、工龄)+每天2.5小时中场休息，让你养精蓄锐，放飞自我\r\n【来这里带给你的优势】\r\n1.客户资源：四大资源渠道免费用，让你坐在5A级办公区独享资源；公司投入大量推广资金，获取意向客户资源；不需要出去跑，不需要打陌生电话，不需要陌拜，公司每日至少分配两条有效客户线索.\r\n2.品牌市场：近20年知名互联网品牌，市场份额占比大，强大的品牌实力，让你信心百倍；\r\n3.带薪培训：专业的岗前训帮助你快速了解公司，入组后的师徒帮带制，主管带你一起飞，只需5-7天即可开单；\r\n4.发展路径清晰：商务—组长—销售主管—储备经理—销售经理—销售总监\r\n岗位经验：\r\n【我们需要你做的事】\r\n1、前期通过电话与客户进行有效沟通了解客户需求和时间, 寻找销售机会邀约到公司进行面谈，商务谈判，前期我们的技术总监也会帮忙谈单哦\r\n2、把握客户需求，根据客户需求制定报价方案，促使签单；\r\n3、定期与客户进行沟通，维护老客户，建立良好的长期合作关系，做好老客户增值和续费工作\r\n4、接待来访客户，执行公司销售策略\r\n【我们需要这样的你】\r\n1.一年以上销售行业工作经验，互联网+b端，熟悉市场营销工作；\r\n2.坦诚自信，乐观进取，高度的工作热情；\r\n3.有良好的团队合作精神，有敬业精神；\r\n4.具有独立的分析和解决问题的能力；\r\n5.良好的沟通技巧和说服能力，能承受较大的工作压力；\r\n6.大专及以上学历，市场营销、电子商务或计算机等专业优先。', '熟悉数据分析工具,统计学知识扎实', '深圳南山区腾讯大厦', '2024-06-19', 25000, 20000, 1, '客服/运营');
INSERT INTO `job_posting` VALUES (68, 3, '产品经理', '职位描述：\r\n同行业经验优先录取~（APP,小程序，软件开发）商务专员/客户经理\r\n岗位福利：\r\n【你最关心的薪资福利】\r\n1.（浮动底薪制+高额提成）底薪4000-6200，月综合薪资10k-20k（销冠月薪3w+）\r\n2.试用期100%全薪发放，不打折，温饱问题无需担忧!\r\n3.完善的内部晋升机制，一年4次【透明化】晋升调薪机会，让你无惧未来，闪闪发光~\r\n4.每天公司都会安排下午茶，不仅喂饱你的身体，还能养活你的灵魂；\r\n5.这里的团队氛围超级nice，不定期的团建基金+节假日礼物+企业文化活动，平时扁平化管理，无需担心内卷，公司团队年轻化！沟通无压力！\r\n6.带薪年假+法定节假日+各种补贴(餐补、话补、工龄)+每天2.5小时中场休息，让你养精蓄锐，放飞自我\r\n【来这里带给你的优势】\r\n1.客户资源：四大资源渠道免费用，让你坐在5A级办公区独享资源；公司投入大量推广资金，获取意向客户资源；不需要出去跑，不需要打陌生电话，不需要陌拜，公司每日至少分配两条有效客户线索.\r\n2.品牌市场：近20年知名互联网品牌，市场份额占比大，强大的品牌实力，让你信心百倍；\r\n3.带薪培训：专业的岗前训帮助你快速了解公司，入组后的师徒帮带制，主管带你一起飞，只需5-7天即可开单；\r\n4.发展路径清晰：商务—组长—销售主管—储备经理—销售经理—销售总监\r\n岗位经验：\r\n【我们需要你做的事】\r\n1、前期通过电话与客户进行有效沟通了解客户需求和时间, 寻找销售机会邀约到公司进行面谈，商务谈判，前期我们的技术总监也会帮忙谈单哦\r\n2、把握客户需求，根据客户需求制定报价方案，促使签单；\r\n3、定期与客户进行沟通，维护老客户，建立良好的长期合作关系，做好老客户增值和续费工作\r\n4、接待来访客户，执行公司销售策略\r\n【我们需要这样的你】\r\n1.一年以上销售行业工作经验，互联网+b端，熟悉市场营销工作；\r\n2.坦诚自信，乐观进取，高度的工作热情；\r\n3.有良好的团队合作精神，有敬业精神；\r\n4.具有独立的分析和解决问题的能力；\r\n5.良好的沟通技巧和说服能力，能承受较大的工作压力；\r\n6.大专及以上学历，市场营销、电子商务或计算机等专业优先。', '有丰富的产品经验,良好的团队协作能力', '郑州二七区亚星时代广场15楼1501号', '2024-06-22', 30000, 20000, 1, '销售');
INSERT INTO `job_posting` VALUES (69, 3, 'UI 设计师', '职位描述：\r\n同行业经验优先录取~（APP,小程序，软件开发）商务专员/客户经理\r\n岗位福利：\r\n【你最关心的薪资福利】\r\n1.（浮动底薪制+高额提成）底薪4000-6200，月综合薪资10k-20k（销冠月薪3w+）\r\n2.试用期100%全薪发放，不打折，温饱问题无需担忧!\r\n3.完善的内部晋升机制，一年4次【透明化】晋升调薪机会，让你无惧未来，闪闪发光~\r\n4.每天公司都会安排下午茶，不仅喂饱你的身体，还能养活你的灵魂；\r\n5.这里的团队氛围超级nice，不定期的团建基金+节假日礼物+企业文化活动，平时扁平化管理，无需担心内卷，公司团队年轻化！沟通无压力！\r\n6.带薪年假+法定节假日+各种补贴(餐补、话补、工龄)+每天2.5小时中场休息，让你养精蓄锐，放飞自我\r\n【来这里带给你的优势】\r\n1.客户资源：四大资源渠道免费用，让你坐在5A级办公区独享资源；公司投入大量推广资金，获取意向客户资源；不需要出去跑，不需要打陌生电话，不需要陌拜，公司每日至少分配两条有效客户线索.\r\n2.品牌市场：近20年知名互联网品牌，市场份额占比大，强大的品牌实力，让你信心百倍；\r\n3.带薪培训：专业的岗前训帮助你快速了解公司，入组后的师徒帮带制，主管带你一起飞，只需5-7天即可开单；\r\n4.发展路径清晰：商务—组长—销售主管—储备经理—销售经理—销售总监\r\n岗位经验：\r\n【我们需要你做的事】\r\n1、前期通过电话与客户进行有效沟通了解客户需求和时间, 寻找销售机会邀约到公司进行面谈，商务谈判，前期我们的技术总监也会帮忙谈单哦\r\n2、把握客户需求，根据客户需求制定报价方案，促使签单；\r\n3、定期与客户进行沟通，维护老客户，建立良好的长期合作关系，做好老客户增值和续费工作\r\n4、接待来访客户，执行公司销售策略\r\n【我们需要这样的你】\r\n1.一年以上销售行业工作经验，互联网+b端，熟悉市场营销工作；\r\n2.坦诚自信，乐观进取，高度的工作热情；\r\n3.有良好的团队合作精神，有敬业精神；\r\n4.具有独立的分析和解决问题的能力；\r\n5.良好的沟通技巧和说服能力，能承受较大的工作压力；\r\n6.大专及以上学历，市场营销、电子商务或计算机等专业优先。', '熟练使用设计工,有创新思维', '郑州金水区卫华大厦13层', '2024-06-18', 15000, 10000, 1, '人力/行政');
INSERT INTO `job_posting` VALUES (70, 3, '人力资源专员', '职位描述：\r\n同行业经验优先录取~（APP,小程序，软件开发）商务专员/客户经理\r\n岗位福利：\r\n【你最关心的薪资福利】\r\n1.（浮动底薪制+高额提成）底薪4000-6200，月综合薪资10k-20k（销冠月薪3w+）\r\n2.试用期100%全薪发放，不打折，温饱问题无需担忧!\r\n3.完善的内部晋升机制，一年4次【透明化】晋升调薪机会，让你无惧未来，闪闪发光~\r\n4.每天公司都会安排下午茶，不仅喂饱你的身体，还能养活你的灵魂；\r\n5.这里的团队氛围超级nice，不定期的团建基金+节假日礼物+企业文化活动，平时扁平化管理，无需担心内卷，公司团队年轻化！沟通无压力！\r\n6.带薪年假+法定节假日+各种补贴(餐补、话补、工龄)+每天2.5小时中场休息，让你养精蓄锐，放飞自我\r\n【来这里带给你的优势】\r\n1.客户资源：四大资源渠道免费用，让你坐在5A级办公区独享资源；公司投入大量推广资金，获取意向客户资源；不需要出去跑，不需要打陌生电话，不需要陌拜，公司每日至少分配两条有效客户线索.\r\n2.品牌市场：近20年知名互联网品牌，市场份额占比大，强大的品牌实力，让你信心百倍；\r\n3.带薪培训：专业的岗前训帮助你快速了解公司，入组后的师徒帮带制，主管带你一起飞，只需5-7天即可开单；\r\n4.发展路径清晰：商务—组长—销售主管—储备经理—销售经理—销售总监\r\n岗位经验：\r\n【我们需要你做的事】\r\n1、前期通过电话与客户进行有效沟通了解客户需求和时间, 寻找销售机会邀约到公司进行面谈，商务谈判，前期我们的技术总监也会帮忙谈单哦\r\n2、把握客户需求，根据客户需求制定报价方案，促使签单；\r\n3、定期与客户进行沟通，维护老客户，建立良好的长期合作关系，做好老客户增值和续费工作\r\n4、接待来访客户，执行公司销售策略\r\n【我们需要这样的你】\r\n1.一年以上销售行业工作经验，互联网+b端，熟悉市场营销工作；\r\n2.坦诚自信，乐观进取，高度的工作热情；\r\n3.有良好的团队合作精神，有敬业精神；\r\n4.具有独立的分析和解决问题的能力；\r\n5.良好的沟通技巧和说服能力，能承受较大的工作压力；\r\n6.大专及以上学历，市场营销、电子商务或计算机等专业优先。', '熟悉人力资源流程,沟通能力强', '西安雁塔区华为西安研究所锦业路127号', '2024-06-23', 12000, 8000, 1, '财物/审计');
INSERT INTO `job_posting` VALUES (71, 3, '财务会计', '职位描述：\r\n同行业经验优先录取~（APP,小程序，软件开发）商务专员/客户经理\r\n岗位福利：\r\n【你最关心的薪资福利】\r\n1.（浮动底薪制+高额提成）底薪4000-6200，月综合薪资10k-20k（销冠月薪3w+）\r\n2.试用期100%全薪发放，不打折，温饱问题无需担忧!\r\n3.完善的内部晋升机制，一年4次【透明化】晋升调薪机会，让你无惧未来，闪闪发光~\r\n4.每天公司都会安排下午茶，不仅喂饱你的身体，还能养活你的灵魂；\r\n5.这里的团队氛围超级nice，不定期的团建基金+节假日礼物+企业文化活动，平时扁平化管理，无需担心内卷，公司团队年轻化！沟通无压力！\r\n6.带薪年假+法定节假日+各种补贴(餐补、话补、工龄)+每天2.5小时中场休息，让你养精蓄锐，放飞自我\r\n【来这里带给你的优势】\r\n1.客户资源：四大资源渠道免费用，让你坐在5A级办公区独享资源；公司投入大量推广资金，获取意向客户资源；不需要出去跑，不需要打陌生电话，不需要陌拜，公司每日至少分配两条有效客户线索.\r\n2.品牌市场：近20年知名互联网品牌，市场份额占比大，强大的品牌实力，让你信心百倍；\r\n3.带薪培训：专业的岗前训帮助你快速了解公司，入组后的师徒帮带制，主管带你一起飞，只需5-7天即可开单；\r\n4.发展路径清晰：商务—组长—销售主管—储备经理—销售经理—销售总监\r\n岗位经验：\r\n【我们需要你做的事】\r\n1、前期通过电话与客户进行有效沟通了解客户需求和时间, 寻找销售机会邀约到公司进行面谈，商务谈判，前期我们的技术总监也会帮忙谈单哦\r\n2、把握客户需求，根据客户需求制定报价方案，促使签单；\r\n3、定期与客户进行沟通，维护老客户，建立良好的长期合作关系，做好老客户增值和续费工作\r\n4、接待来访客户，执行公司销售策略\r\n【我们需要这样的你】\r\n1.一年以上销售行业工作经验，互联网+b端，熟悉市场营销工作；\r\n2.坦诚自信，乐观进取，高度的工作热情；\r\n3.有良好的团队合作精神，有敬业精神；\r\n4.具有独立的分析和解决问题的能力；\r\n5.良好的沟通技巧和说服能力，能承受较大的工作压力；\r\n6.大专及以上学历，市场营销、电子商务或计算机等专业优先。', '财务专业知识扎实,细心负责', '深圳南山区腾讯大厦', '2024-06-17', 10000, 7000, 1, '生产制造');
INSERT INTO `job_posting` VALUES (72, 3, '销售代表', '职位描述：\r\n同行业经验优先录取~（APP,小程序，软件开发）商务专员/客户经理\r\n岗位福利：\r\n【你最关心的薪资福利】\r\n1.（浮动底薪制+高额提成）底薪4000-6200，月综合薪资10k-20k（销冠月薪3w+）\r\n2.试用期100%全薪发放，不打折，温饱问题无需担忧!\r\n3.完善的内部晋升机制，一年4次【透明化】晋升调薪机会，让你无惧未来，闪闪发光~\r\n4.每天公司都会安排下午茶，不仅喂饱你的身体，还能养活你的灵魂；\r\n5.这里的团队氛围超级nice，不定期的团建基金+节假日礼物+企业文化活动，平时扁平化管理，无需担心内卷，公司团队年轻化！沟通无压力！\r\n6.带薪年假+法定节假日+各种补贴(餐补、话补、工龄)+每天2.5小时中场休息，让你养精蓄锐，放飞自我\r\n【来这里带给你的优势】\r\n1.客户资源：四大资源渠道免费用，让你坐在5A级办公区独享资源；公司投入大量推广资金，获取意向客户资源；不需要出去跑，不需要打陌生电话，不需要陌拜，公司每日至少分配两条有效客户线索.\r\n2.品牌市场：近20年知名互联网品牌，市场份额占比大，强大的品牌实力，让你信心百倍；\r\n3.带薪培训：专业的岗前训帮助你快速了解公司，入组后的师徒帮带制，主管带你一起飞，只需5-7天即可开单；\r\n4.发展路径清晰：商务—组长—销售主管—储备经理—销售经理—销售总监\r\n岗位经验：\r\n【我们需要你做的事】\r\n1、前期通过电话与客户进行有效沟通了解客户需求和时间, 寻找销售机会邀约到公司进行面谈，商务谈判，前期我们的技术总监也会帮忙谈单哦\r\n2、把握客户需求，根据客户需求制定报价方案，促使签单；\r\n3、定期与客户进行沟通，维护老客户，建立良好的长期合作关系，做好老客户增值和续费工作\r\n4、接待来访客户，执行公司销售策略\r\n【我们需要这样的你】\r\n1.一年以上销售行业工作经验，互联网+b端，熟悉市场营销工作；\r\n2.坦诚自信，乐观进取，高度的工作热情；\r\n3.有良好的团队合作精神，有敬业精神；\r\n4.具有独立的分析和解决问题的能力；\r\n5.良好的沟通技巧和说服能力，能承受较大的工作压力；\r\n6.大专及以上学历，市场营销、电子商务或计算机等专业优先。', '有销售经验,抗压能力强', '郑州二七区亚星时代广场15楼1501号', '2024-06-16', 18000, 10000, 1, '零售/生活服务');
INSERT INTO `job_posting` VALUES (73, 3, '运维工程师', '职位描述：\r\n同行业经验优先录取~（APP,小程序，软件开发）商务专员/客户经理\r\n岗位福利：\r\n【你最关心的薪资福利】\r\n1.（浮动底薪制+高额提成）底薪4000-6200，月综合薪资10k-20k（销冠月薪3w+）\r\n2.试用期100%全薪发放，不打折，温饱问题无需担忧!\r\n3.完善的内部晋升机制，一年4次【透明化】晋升调薪机会，让你无惧未来，闪闪发光~\r\n4.每天公司都会安排下午茶，不仅喂饱你的身体，还能养活你的灵魂；\r\n5.这里的团队氛围超级nice，不定期的团建基金+节假日礼物+企业文化活动，平时扁平化管理，无需担心内卷，公司团队年轻化！沟通无压力！\r\n6.带薪年假+法定节假日+各种补贴(餐补、话补、工龄)+每天2.5小时中场休息，让你养精蓄锐，放飞自我\r\n【来这里带给你的优势】\r\n1.客户资源：四大资源渠道免费用，让你坐在5A级办公区独享资源；公司投入大量推广资金，获取意向客户资源；不需要出去跑，不需要打陌生电话，不需要陌拜，公司每日至少分配两条有效客户线索.\r\n2.品牌市场：近20年知名互联网品牌，市场份额占比大，强大的品牌实力，让你信心百倍；\r\n3.带薪培训：专业的岗前训帮助你快速了解公司，入组后的师徒帮带制，主管带你一起飞，只需5-7天即可开单；\r\n4.发展路径清晰：商务—组长—销售主管—储备经理—销售经理—销售总监\r\n岗位经验：\r\n【我们需要你做的事】\r\n1、前期通过电话与客户进行有效沟通了解客户需求和时间, 寻找销售机会邀约到公司进行面谈，商务谈判，前期我们的技术总监也会帮忙谈单哦\r\n2、把握客户需求，根据客户需求制定报价方案，促使签单；\r\n3、定期与客户进行沟通，维护老客户，建立良好的长期合作关系，做好老客户增值和续费工作\r\n4、接待来访客户，执行公司销售策略\r\n【我们需要这样的你】\r\n1.一年以上销售行业工作经验，互联网+b端，熟悉市场营销工作；\r\n2.坦诚自信，乐观进取，高度的工作热情；\r\n3.有良好的团队合作精神，有敬业精神；\r\n4.具有独立的分析和解决问题的能力；\r\n5.良好的沟通技巧和说服能力，能承受较大的工作压力；\r\n6.大专及以上学历，市场营销、电子商务或计算机等专业优先。', '熟悉服务器运维,解决技术问题', '郑州金水区卫华大厦13层', '2024-06-15', 16000, 12000, 1, '餐饮');
INSERT INTO `job_posting` VALUES (74, 3, '测试工程师', '职位描述：\r\n同行业经验优先录取~（APP,小程序，软件开发）商务专员/客户经理\r\n岗位福利：\r\n【你最关心的薪资福利】\r\n1.（浮动底薪制+高额提成）底薪4000-6200，月综合薪资10k-20k（销冠月薪3w+）\r\n2.试用期100%全薪发放，不打折，温饱问题无需担忧!\r\n3.完善的内部晋升机制，一年4次【透明化】晋升调薪机会，让你无惧未来，闪闪发光~\r\n4.每天公司都会安排下午茶，不仅喂饱你的身体，还能养活你的灵魂；\r\n5.这里的团队氛围超级nice，不定期的团建基金+节假日礼物+企业文化活动，平时扁平化管理，无需担心内卷，公司团队年轻化！沟通无压力！\r\n6.带薪年假+法定节假日+各种补贴(餐补、话补、工龄)+每天2.5小时中场休息，让你养精蓄锐，放飞自我\r\n【来这里带给你的优势】\r\n1.客户资源：四大资源渠道免费用，让你坐在5A级办公区独享资源；公司投入大量推广资金，获取意向客户资源；不需要出去跑，不需要打陌生电话，不需要陌拜，公司每日至少分配两条有效客户线索.\r\n2.品牌市场：近20年知名互联网品牌，市场份额占比大，强大的品牌实力，让你信心百倍；\r\n3.带薪培训：专业的岗前训帮助你快速了解公司，入组后的师徒帮带制，主管带你一起飞，只需5-7天即可开单；\r\n4.发展路径清晰：商务—组长—销售主管—储备经理—销售经理—销售总监\r\n岗位经验：\r\n【我们需要你做的事】\r\n1、前期通过电话与客户进行有效沟通了解客户需求和时间, 寻找销售机会邀约到公司进行面谈，商务谈判，前期我们的技术总监也会帮忙谈单哦\r\n2、把握客户需求，根据客户需求制定报价方案，促使签单；\r\n3、定期与客户进行沟通，维护老客户，建立良好的长期合作关系，做好老客户增值和续费工作\r\n4、接待来访客户，执行公司销售策略\r\n【我们需要这样的你】\r\n1.一年以上销售行业工作经验，互联网+b端，熟悉市场营销工作；\r\n2.坦诚自信，乐观进取，高度的工作热情；\r\n3.有良好的团队合作精神，有敬业精神；\r\n4.具有独立的分析和解决问题的能力；\r\n5.良好的沟通技巧和说服能力，能承受较大的工作压力；\r\n6.大专及以上学历，市场营销、电子商务或计算机等专业优先。', '掌握测试方法和工具', '西安雁塔区华为西安研究所锦业路127号', '2024-06-14', 13000, 9000, 1, '酒店/旅游');
INSERT INTO `job_posting` VALUES (75, 3, '文案策划', '职位描述：\r\n同行业经验优先录取~（APP,小程序，软件开发）商务专员/客户经理\r\n岗位福利：\r\n【你最关心的薪资福利】\r\n1.（浮动底薪制+高额提成）底薪4000-6200，月综合薪资10k-20k（销冠月薪3w+）\r\n2.试用期100%全薪发放，不打折，温饱问题无需担忧!\r\n3.完善的内部晋升机制，一年4次【透明化】晋升调薪机会，让你无惧未来，闪闪发光~\r\n4.每天公司都会安排下午茶，不仅喂饱你的身体，还能养活你的灵魂；\r\n5.这里的团队氛围超级nice，不定期的团建基金+节假日礼物+企业文化活动，平时扁平化管理，无需担心内卷，公司团队年轻化！沟通无压力！\r\n6.带薪年假+法定节假日+各种补贴(餐补、话补、工龄)+每天2.5小时中场休息，让你养精蓄锐，放飞自我\r\n【来这里带给你的优势】\r\n1.客户资源：四大资源渠道免费用，让你坐在5A级办公区独享资源；公司投入大量推广资金，获取意向客户资源；不需要出去跑，不需要打陌生电话，不需要陌拜，公司每日至少分配两条有效客户线索.\r\n2.品牌市场：近20年知名互联网品牌，市场份额占比大，强大的品牌实力，让你信心百倍；\r\n3.带薪培训：专业的岗前训帮助你快速了解公司，入组后的师徒帮带制，主管带你一起飞，只需5-7天即可开单；\r\n4.发展路径清晰：商务—组长—销售主管—储备经理—销售经理—销售总监\r\n岗位经验：\r\n【我们需要你做的事】\r\n1、前期通过电话与客户进行有效沟通了解客户需求和时间, 寻找销售机会邀约到公司进行面谈，商务谈判，前期我们的技术总监也会帮忙谈单哦\r\n2、把握客户需求，根据客户需求制定报价方案，促使签单；\r\n3、定期与客户进行沟通，维护老客户，建立良好的长期合作关系，做好老客户增值和续费工作\r\n4、接待来访客户，执行公司销售策略\r\n【我们需要这样的你】\r\n1.一年以上销售行业工作经验，互联网+b端，熟悉市场营销工作；\r\n2.坦诚自信，乐观进取，高度的工作热情；\r\n3.有良好的团队合作精神，有敬业精神；\r\n4.具有独立的分析和解决问题的能力；\r\n5.良好的沟通技巧和说服能力，能承受较大的工作压力；\r\n6.大专及以上学历，市场营销、电子商务或计算机等专业优先。', '文字功底好,创意丰富', '深圳南山区腾讯大厦', '2024-06-13', 11000, 8000, 1, '教育培训');
INSERT INTO `job_posting` VALUES (76, 3, '行政助理', '职位描述：\r\n同行业经验优先录取~（APP,小程序，软件开发）商务专员/客户经理\r\n岗位福利：\r\n【你最关心的薪资福利】\r\n1.（浮动底薪制+高额提成）底薪4000-6200，月综合薪资10k-20k（销冠月薪3w+）\r\n2.试用期100%全薪发放，不打折，温饱问题无需担忧!\r\n3.完善的内部晋升机制，一年4次【透明化】晋升调薪机会，让你无惧未来，闪闪发光~\r\n4.每天公司都会安排下午茶，不仅喂饱你的身体，还能养活你的灵魂；\r\n5.这里的团队氛围超级nice，不定期的团建基金+节假日礼物+企业文化活动，平时扁平化管理，无需担心内卷，公司团队年轻化！沟通无压力！\r\n6.带薪年假+法定节假日+各种补贴(餐补、话补、工龄)+每天2.5小时中场休息，让你养精蓄锐，放飞自我\r\n【来这里带给你的优势】\r\n1.客户资源：四大资源渠道免费用，让你坐在5A级办公区独享资源；公司投入大量推广资金，获取意向客户资源；不需要出去跑，不需要打陌生电话，不需要陌拜，公司每日至少分配两条有效客户线索.\r\n2.品牌市场：近20年知名互联网品牌，市场份额占比大，强大的品牌实力，让你信心百倍；\r\n3.带薪培训：专业的岗前训帮助你快速了解公司，入组后的师徒帮带制，主管带你一起飞，只需5-7天即可开单；\r\n4.发展路径清晰：商务—组长—销售主管—储备经理—销售经理—销售总监\r\n岗位经验：\r\n【我们需要你做的事】\r\n1、前期通过电话与客户进行有效沟通了解客户需求和时间, 寻找销售机会邀约到公司进行面谈，商务谈判，前期我们的技术总监也会帮忙谈单哦\r\n2、把握客户需求，根据客户需求制定报价方案，促使签单；\r\n3、定期与客户进行沟通，维护老客户，建立良好的长期合作关系，做好老客户增值和续费工作\r\n4、接待来访客户，执行公司销售策略\r\n【我们需要这样的你】\r\n1.一年以上销售行业工作经验，互联网+b端，熟悉市场营销工作；\r\n2.坦诚自信，乐观进取，高度的工作热情；\r\n3.有良好的团队合作精神，有敬业精神；\r\n4.具有独立的分析和解决问题的能力；\r\n5.良好的沟通技巧和说服能力，能承受较大的工作压力；\r\n6.大专及以上学历，市场营销、电子商务或计算机等专业优先。', '工作认真细致,有条理', '青岛郑州二七区亚星时代广场15楼1501号\r\n郑州金水区卫华大厦13层\r\n西安雁塔区华为西安研究所锦业路127号\r\n深圳南山区腾讯大厦', '2024-06-12', 8000, 6000, 1, '医疗健康');
INSERT INTO `job_posting` VALUES (77, 3, '客服专员', '3.带薪培训：专业的岗前训帮助你快速了解公司，入组后的师徒帮带制，主管带你一起飞，只需5-7天即可开单；', '有耐心,良好的沟通技巧', '青岛郑州二七区亚星时代广场15楼1501号\r\n郑州金水区卫华大厦13层\r\n西安雁塔区华为西安研究所锦业路127号\r\n深圳南山区腾讯大厦', '2024-06-11', 7000, 5000, 1, '物流/存储/司机');

-- ----------------------------
-- Table structure for jobpostrecords
-- ----------------------------
DROP TABLE IF EXISTS `jobpostrecords`;
CREATE TABLE `jobpostrecords`  (
  `userid` int(11) NOT NULL,
  `employeeid` int(11) NOT NULL,
  `employerid` int(11) NOT NULL,
  `companyid` int(11) NOT NULL,
  `jobid` int(11) NOT NULL,
  `employeruid` int(11) NOT NULL,
  `status` enum('ture','false','wating') CHARACTER SET utf8 COLLATE utf8_general_ci NOT NULL,
  `recordid` int(11) NOT NULL AUTO_INCREMENT,
  PRIMARY KEY (`recordid`) USING BTREE
) ENGINE = InnoDB AUTO_INCREMENT = 5 CHARACTER SET = utf8 COLLATE = utf8_general_ci ROW_FORMAT = Dynamic;

-- ----------------------------
-- Records of jobpostrecords
-- ----------------------------
INSERT INTO `jobpostrecords` VALUES (2, 2, 1, 1, 1, 4, 'wating', 1);
INSERT INTO `jobpostrecords` VALUES (2, 2, 1, 1, 2, 4, 'false', 2);
INSERT INTO `jobpostrecords` VALUES (2, 2, 1, 1, 2, 4, 'ture', 4);

-- ----------------------------
-- Table structure for user
-- ----------------------------
DROP TABLE IF EXISTS `user`;
CREATE TABLE `user`  (
  `id` int(11) NOT NULL AUTO_INCREMENT,
  `username` varchar(255) CHARACTER SET latin1 COLLATE latin1_swedish_ci NOT NULL,
  `password` varchar(255) CHARACTER SET latin1 COLLATE latin1_swedish_ci NOT NULL,
  `role` enum('employee','employer','admin') CHARACTER SET latin1 COLLATE latin1_swedish_ci NULL DEFAULT 'employee' COMMENT '用户角色',
  PRIMARY KEY (`id`) USING BTREE,
  UNIQUE INDEX `username`(`username`) USING BTREE
) ENGINE = InnoDB AUTO_INCREMENT = 7 CHARACTER SET = latin1 COLLATE = latin1_swedish_ci ROW_FORMAT = Dynamic;

-- ----------------------------
-- Records of user
-- ----------------------------
INSERT INTO `user` VALUES (2, 'aprdec', 'Luchen1122', 'employee');
INSERT INTO `user` VALUES (4, 'aprdeci', 'Luchen1122', 'employer');
INSERT INTO `user` VALUES (5, 'aaa', 'bbbdsdas', 'employee');
INSERT INTO `user` VALUES (6, 'dsajk', 'dsakljdsakl', 'employer');

SET FOREIGN_KEY_CHECKS = 1;
